Name,SMILES,Activation Status
All-trans retinoic acid,CC1=C(C(CCC1)(C)C)/C=C/C(=C/C=C/C(=C/C(=O)O)/C)/C,1
Alpha ketoglutarate,C(CC(=O)O)C(=O)C(=O)O,1
Bromopyruvate,C(C(=O)C(=O)O)Br,1
Gold sodium thiomalate,C(C(C(=O)[O-])[S-])C(=O)[O-].[Na+].[Na+].[Au+],1
Green tea extract,C1C(C(OC2=CC(=CC(=C21)O)O)C3=CC(=C(C(=C3)O)O)O)OC(=O)C4=CC(=C(C(=C4)O)O)O,1
Metformin,CN(C)C(=N)N=C(N)N,1
Nordihydroguaiaretic acid,CC(CC1=CC(=C(C=C1)O)O)C(C)CC2=CC(=C(C=C2)O)O,1
NP1,C1CN(CCN1CC2=CNC3=CC=CC=C32)C4=CC=C(C=C4)[N+](=O)[O-],1
Propranolol,CC(C)NCC(COC1=CC=CC2=CC=CC=C21)O,1
Propyl gallate,CCCOC(=O)C1=CC(=C(C(=C1)O)O)O,1
Resveratrol,C1=CC(=CC=C1/C=C/C2=CC(=CC(=C2)O)O)O,1
Sulforaphane,CS(=O)CCCCN=C=S,1
Thioflavin T,CC1=CC2=C(C=C1)[N+](=C(S2)C3=CC=C(C=C3)N(C)C)C.[Cl-],1
Urolithin a,C1=CC2=C(C=C1O)C(=O)OC3=C2C=CC(=C3)O,1
Alpha lipoic acid,C1CSSC1CCCCC(=O)O,1
Berberine,COC1=C(C2=C[N+]3=C(C=C2C=C1)C4=CC5=C(C=C4CC3)OCO5)OC,1
Bromocriptine,CC(C)C[C@H]1C(=O)N2CCC[C@H]2[C@]3(N1C(=O)[C@](O3)(C(C)C)NC(=O)[C@H]4CN([C@@H]5CC6=C(NC7=CC=CC(=C67)C5=C4)Br)C)O,1
Coumarin 478,C1CC2=C(C1)C(=O)OC3=C2C=C4CCCN5C4=C3CCC5,1
Echinatin,COC1=C(C=CC(=C1)O)/C=C/C(=O)C2=CC=C(C=C2)O,1
Fisetin,C1=CC(=C(C=C1C2=C(C(=O)C3=C(O2)C=C(C=C3)O)O)O)O,1
Fluspirilene,C1CN(CCC12C(=O)NCN2C3=CC=CC=C3)CCCC(C4=CC=C(C=C4)F)C5=CC=C(C=C5)F,1
Rapamycin,C[C@@H]1CC[C@H]2C[C@@H](/C(=C/C=C/C=C/[C@H](C[C@H](C(=O)[C@@H]([C@@H](/C(=C/[C@H](C(=O)C[C@H](OC(=O)[C@@H]3CCCCN3C(=O)C(=O)[C@@]1(O2)O)[C@H](C)C[C@@H]4CC[C@H]([C@@H](C4)OC)O)C)/C)O)OC)C)C)/C)OC,1
Sitagliptin,C1CN2C(=NN=C2C(F)(F)F)CN1C(=O)C[C@@H](CC3=CC(=C(C=C3F)F)F)N,1
17-Alpha estradiol,C[C@]12CC[C@H]3[C@H]([C@@H]1CC[C@H]2O)CCC4=C3C=CC(=C4)O,1
Obeticholic acid,CC[C@@H]1[C@@H]2C[C@@H](CC[C@@]2([C@H]3CC[C@]4([C@H]([C@@H]3[C@@H]1O)CC[C@@H]4[C@H](C)CCC(=O)O)C)C)O,1
Ritonavir,CC(C)C1=NC(=CS1)CN(C)C(=O)N[C@@H](C(C)C)C(=O)N[C@@H](CC2=CC=CC=C2)C[C@@H]([C@H](CC3=CC=CC=C3)NC(=O)OCC4=CN=CS4)O,1
Aloin,C1=CC2=C(C(=C1)O)C(=O)C3=C([C@H]2[C@H]4[C@@H]([C@H]([C@@H]([C@H](O4)CO)O)O)O)C=C(C=C3O)CO,1
Alpha mangostin,CC(=CCC1=C(C2=C(C=C1O)OC3=C(C2=O)C(=C(C(=C3)O)OC)CC=C(C)C)O)C,1
Arecoline,CN1CCC=C(C1)C(=O)OC,1
Aspirin,CC(=O)OC1=CC=CC=C1C(=O)O,1
Bakuchiol,CC(=CCC[C@@](C)(C=C)/C=C/C1=CC=C(C=C1)O)C,1
Beta GPA,C(CN=C(N)N)C(=O)O,1
Bortezomib,B([C@H](CC(C)C)NC(=O)[C@H](CC1=CC=CC=C1)NC(=O)C2=NC=CN=C2)(O)O,1
Cinnarizine,C1CN(CCN1C/C=C/C2=CC=CC=C2)C(C3=CC=CC=C3)C4=CC=CC=C4,1
Curcumin,COC1=C(C=CC(=C1)/C=C/C(=O)CC(=O)/C=C/C2=CC(=C(C=C2)O)OC)O,1
Dapagliflozin,CCOC1=CC=C(C=C1)CC2=C(C=CC(=C2)[C@H]3[C@@H]([C@H]([C@@H]([C@H](O3)CO)O)O)O)Cl,1
Dasatinib,CC1=C(C(=CC=C1)Cl)NC(=O)C2=CN=C(S2)NC3=CC(=NC(=N3)C)N4CCN(CC4)CCO,1
AZD7545,C[C@@](C(=O)NC1=C(C=C(C=C1)S(=O)(=O)C2=CC=C(C=C2)C(=O)N(C)C)Cl)(C(F)(F)F)O,0
Aldosterone,C[C@]12CCC(=O)C=C1CC[C@@H]3[C@@H]2[C@H](C[C@]4([C@H]3CC[C@@H]4C(=O)CO)C=O)O,0
Diuron,CN(C)C(=O)NC1=CC(=C(C=C1)Cl)Cl,0
Emapunil,CCN(CC1=CC=CC=C1)C(=O)CN2C3=NC(=NC=C3N(C2=O)C)C4=CC=CC=C4,0
Erlotinib,COCCOC1=C(C=C2C(=C1)C(=NC=N2)NC3=CC=CC(=C3)C#C)OCCOC,0
Everolimus,C[C@@H]1CC[C@H]2C[C@@H](/C(=C/C=C/C=C/[C@H](C[C@H](C(=O)[C@@H]([C@@H](/C(=C/[C@H](C(=O)C[C@H](OC(=O)[C@@H]3CCCCN3C(=O)C(=O)[C@@]1(O2)O)[C@H](C)C[C@@H]4CC[C@H]([C@@H](C4)OC)OCCO)C)/C)O)OC)C)C)/C)OC,0
Fumagillol,CC(=CC[C@@H]1[C@@](O1)(C)[C@H]2[C@@H]([C@@H](CC[C@]23CO3)OC(=O)/C=C/C=C/C=C/C=C/C(=O)O)OC)C,0
Gamma linolenic acid,CCCCC/C=C\C/C=C\C/C=C\CCCCC(=O)O,0
Gefitinib,COC1=C(C=C2C(=C1)N=CN=C2NC3=CC(=C(C=C3)F)Cl)OCCCN4CCOCC4,0
Glipizide,CC1=CN=C(C=N1)C(=O)NCCC2=CC=C(C=C2)S(=O)(=O)NC(=O)NC3CCCCC3,0
Lactulose,C([C@@H]1[C@@H]([C@@H]([C@H]([C@@H](O1)O[C@@H]2[C@H](O[C@@]([C@H]2O)(CO)O)CO)O)O)O)O,0
Imatinib,CC1=C(C=C(C=C1)NC(=O)C2=CC=C(C=C2)CN3CCN(CC3)C)NC4=NC=CC(=N4)C5=CN=CC=C5,0
Levetiracetam,CC[C@@H](C(=O)N)N1CCCC1=O,0
C1,CCCCCC[C@@H]1[C@H]([C@@H](OC(=O)[C@H]([C@H](OC1=O)C)NC(=O)C2=C(C(=CC=C2)NC=O)O)C)OC(=O)CC(C)C,0
C2,CC1=C(C=C(C=C1)NC(=O)C2=CC=C(C=C2)CN3CCN(CC3)C)NC4=NC=CC(=N4)C5=CN=CC=C5.CS(=O)(=O)O,0
C3,C#CCO[C@@H]1CC[C@@H](N(C1)C(=O)N2N=CC(=N2)C(C3=CC=C(C=C3)F)(C4=CC=C(C=C4)F)O)CC5=CC=CC=C5,0
C4,C1CN2C(CN1CC3=CC=C(C=C3)Cl)C(=O)N(C2=O)OC(=O)N4CCOC5=CC=CC=C54,0
C5,CN(C)CCCN1C2=CC=CC=C2SC3=C1C=C(C=C3)C(F)(F)F.Cl,0
C6,COC1=CC(=CC(=C1)/C=C/C2=CC=C(C=C2)O)OC,0
C7,CC(=O)N[C@@H](CS)C(=O)O,0
C8,C1=CC(=CC=C1N/C(=N/C(=NCCCCCCN=C(/N=C(/NC2=CC=C(C=C2)Cl)\N)N)N)/N)Cl,0
C9,C1CCN(C(C1)CC2=CC=CC=C2)C(=O)N3C=C(N=N3)C4=CC=C(C=C4)C5=CC=CC=C5,0
C10,CC(=C)[C@H]1CC2=C(O1)C=CC3=C2O[C@@H]4COC5=CC(=C(C=C5[C@@H]4C3=O)OC)OC,0
C11,CC(C)(C=C)C1=C(C=C(C(=C1)/C=C/C(=O)C2=CC=C(C=C2)O)OC)O,0
C12,C1CN(CCN1CCC2=C(C=C3C(=C2)CC(=O)N3)Cl)C4=NSC5=CC=CC=C54.O.Cl,0
C13,CCN(CC)CCN(CC1=CC=C(C=C1)C2=CC=C(C=C2)C(F)(F)F)C(=O)CN3C4=C(CCC4)C(=O)N=C3SCC5=CC=C(C=C5)F,0
C14,C[C@H]1CCCC(=O)CCC/C=C/C2=C(C(=CC(=C2)O)O)C(=O)O1,0
C15,CC1=NN=C(S1)SCC2=C(N3[C@@H]([C@@H](C3=O)NC(=O)CN4C=NN=N4)SC2)C(=O)[O-].[Na+],0
C16,C1C2=CC=CC=C2N(C3=CC=CC=C3C1=O)C(=O)N,0
C17,C1CN(CCN1CCCN2C3=CC=CC=C3SC4=C2C=C(C=C4)Cl)CCO,0
C18,CCCNCC(COC1=CC=CC=C1C(=O)CCC2=CC=CC=C2)O.Cl,0
C19,C(CC(=O)N[C@@H](CS)C(=O)NCC(=O)O)[C@@H](C(=O)O)N,0
C20,COC(=O)N1C(=O)[C@@](N1C(=O)OC)(C2CCCC2)C3=CC=CC=C3,0
C21,C1CCN(C1)C(=O)N2C=CN=N2,0
C22,CCN1C2=CC3=C(C=C2C(=O)C(=N1)C(=O)O)OCO3,0
C23,CN(C)CCC1=CNC2=C1C=C(C=C2)CN3C=NC=N3.C1=CC=C(C=C1)C(=O)O,0
C24,C1CN(CCC1=CC2=CC(=CC=C2)OC3=NC=C(C=C3)C(F)(F)F)C(=O)NC4=NN=CC=C4,0
C25,[C-]#N.[C-]#N.[C-]#N.[C-]#N.[C-]#N.[N-]=O.O.O.[Na+].[Na+].[Fe+4],0
C26,COC(=O)NC1=NC2=C(N1)C=C(C=C2)C(=O)C3=CC=CS3,0
C27,CC(=O)/C=C\1/C2=CC=CC=C2N(C1=O)C,0
C28,COC1=CC=C(C=C1)CCN2CCC(CC2)NC3=NC4=CC=CC=C4N3CC5=CC=C(C=C5)F,0
C29,CC1=C(C(C(=C(N1)C)C(=O)OCC(C)C)C2=CC=CC=C2[N+](=O)[O-])C(=O)OC,0
C30,CCCCCCCCCC[C@H]1[C@@H](OC1=O)CCC2=CC(=C(C=C2)OC)OC,0
C31,COCCCC/C(=N\OCCN)/C1=CC=C(C=C1)C(F)(F)F,0
C32,CC(C)[N+](C)(CCOC(=O)C1C2=CC=CC=C2OC3=CC=CC=C13)C(C)C.[Br-],0
C33,COC1=C(C2=C[N+]3=C(C=C2C=C1)C4=CC(=C(C=C4CC3)OC)OC)OC,0
C34,COC1=CC=C(C=C1)C2=CC=C(C=C2)C3=CN(N=N3)C(=O)N4CCCCC4C5=CC=CC=C5,0
C35,CC1=CC(=C(C=C1)SC2=CC=CC=C2N3CCNCC3)C,0
C36,C[C@H]1COC2=C1C(=O)C(=O)C3=C2C=CC4=C3CCCC4(C)C,0
C37,C[C@](CC1=CC(=C(C=C1)O)O)(C(=O)O)NN,0
C38,C1=COC(=C1)CNC2=CC(=C(C=C2C(=O)O)S(=O)(=O)N)Cl,0
C39,C1=CC(=CC=C1C2=CC(=O)C3=C(O2)C=C(C(=C3O)O)O)O,0
C40,CCN(CC)CCNC(=O)C1=C(C=CC(=C1)S(=O)(=O)C)OC.Cl,0
C41,CC1=CC(=CC=C1)C2CN(CCC3=C(C(=C(C=C23)O)O)Cl)C.Br,0
C42,C1=CC=C(C(=C1)C(=O)OC2=CC=CC=C2C(=O)O)O,0
C43,C1=CC=C(C=C1)CCC2/C(=C/CCCCC(=O)N)/C(=O)O2,0
C44,CC1(C=CC2=C(O1)C=CC3=C2O[C@@H]4COC5=CC(=C(C=C5[C@@H]4C3=O)OC)OC)C,0
C45,CC[N+](CC)(CC)CCOC1=CC=C(C=C1)/C=C/C2=CC=CC=C2.[I-],0
C46,CC1=CC2=C(C=C1)OC/C(=C\C3=CC(=C(C=C3)OC)O)/C2=O,0
C47,CC(=O)NS(=O)(=O)C1=CC=C(C=C1)N,0
C48,C1CN(CCC1C(C2=CC3=C(C=C2)OCO3)(C4=CC5=C(C=C4)OCO5)O)C(=O)OC(C(F)(F)F)C(F)(F)F,0
C49,C[C@@H]([C@@H](C1=CC=C(C=C1)O)O)NCCC2=CC=C(C=C2)O.Cl,0
C50,CCCC[N+]1([C@@H]2CC(C[C@H]1[C@H]3[C@@H]2O3)OC(=O)[C@H](CO)C4=CC=CC=C4)C.[Br-],0
C51,CC[C@@]1(C[C@@H]2C[C@@](C3=C(CCN(C2)C1)C4=CC=CC=C4N3)(C5=C(C=C6C(=C5)[C@]78CCN9[C@H]7[C@@](C=CC9)([C@H]([C@@]([C@@H]8N6C=O)(C(=O)OC)O)OC(=O)C)CC)OC)C(=O)OC)O.OS(=O)(=O)O,0
C52,CCN(CC)C(=O)[C@@]1(C[C@@H]1CN)C2=CC=CC=C2.Cl,0
C53,CC(C)C1=CC=CC=C1OC(=O)NCCC2=CC3=CC=CC=C3C=C2,0
C54,C[C@@H](C(=O)N[C@H](CC(C)C)C(=O)N[C@@H](C)C(=O)N[C@H](C(C)C)C(=O)N[C@@H](C(C)C)C(=O)N[C@@H](C(C)C)C(=O)N[C@@H](CC1=CNC2=CC=CC=C21)C(=O)N[C@H](CC(C)C)C(=O)N[C@@H](CC3=CNC4=CC=CC=C43)C(=O)N[C@H](CC(C)C)C(=O)N[C@@H](CC5=CNC6=CC=CC=C65)C(=O)N[C@H](CC(C)C)C(=O)N[C@@H](CC7=CNC8=CC=CC=C87)C(=O)NCCO)NC(=O)CNC(=O)[C@H](C(C)C)NC=O,0
C55,CC1=[N+](C2=CC=CC=C2C(=C1)N)CCCCCCCCCC[N+]3=C(C=C(C4=CC=CC=C43)N)C.[Cl-].[Cl-],0
C56,CCN(CC)C(C)CN1C2=CC=CC=C2SC3=CC=CC=C31.Cl,0
C57,C[C@@]12CC[C@H]3[C@]([C@@]14[C@H](O4)C(=O)O[C@H]2C5=COC=C5)(C(=O)C[C@@H]6[C@@]37COC(=O)C[C@@H]7OC6(C)C)C,0
C58,C1=CC=C(C=C1)CCNN.OS(=O)(=O)O,0
C59,C1CC(CCC1NC(=O)COC2=CC=C(C=C2)Cl)NC(=O)COC3=CC=C(C=C3)Cl,0
C60,CC(=CCC/C(=C/COC1=CC2=C(C=C1)C=CC(=O)O2)/C)C,0
C61,CCCCCC(=O)O[C@@]1(CC[C@@H]2[C@@]1(CC[C@H]3[C@H]2CCC4=CC(=O)CC[C@]34C)C)C(=O)C,0
C62,CC1(C2CCC(C1C2)CCOCC[N+]3(CCOCC3)CC4=CC(=C(C=C4Br)OC)OC)C.[Br-],0
C63,C[N+](C)(C)CCO.[Cl-],0
C64,CN1CCC2=CC(=C(C=C2[C@H](C1)C3=CC=CC=C3)O)Cl.Cl,0
C65,C1=CC=C(C=C1)COC2=NC(=NC3=C2NC=N3)N,0
C66,CCN1C(=O)C(NC1=O)C2=CC=CC=C2,0
C67,CN1C=NC2=C1C(=O)NC(=O)N2C,0
C68,C1=CC(=CC=C1C2=COC3=CC(=CC(=C3C2=O)O)O)O,0
C69,CC(C)(C)[C@]1(CCN2C[C@@H]3C4=CC=CC=C4CCC5=C3C(=CC=C5)[C@H]2C1)O.Cl,0
C70,CC1=CN(C(=O)NC1=O)[C@H]2C[C@@H]([C@H](O2)CO)O,0
C71,C1=CNC(=O)NC1=O,0
C72,C1=CC(=C(C=C1[N+](=O)[O-])Cl)NC(=O)C2=C(C=CC(=C2)Cl)O,1
C73,CCCCCCC[N+](CC)(CC)CCCCC1=CC=C(C=C1)Cl.CC1=CC=C(C=C1)S(=O)(=O)[O-],1
C74,C1=CC=C2C(=C1)C(=O)C(=C(O2)C3=CC=C(C=C3)O)O,1
C75,CC1=C2COC(=O)C2=C(C(=C1OC)C/C=C(\C)/CCC(=O)O)O,1
C76,CC12CC3CC(C1)(CC(C3)(C2)N)C.Cl,1
C77,C1=CC=C(C=C1)C2=CC(=O)C3=CC(=C(C=C3O2)O)O,1
C78,C1=CC=C2C(=C1)C=C(N2CC(=O)O)C(=O)NC3=NC(=CS3)C4=CC=CC=C4Cl.O,1
C79,COC1=CC=CC=C1OCCNCC(COC2=CC=CC3=C2C4=CC=CC=C4N3)O,1
C80,C1=CC=C(C=C1)P2(=S)NC3=CC=CC=C3O2,1
C81,C1=CC=C(C=C1)C2=CC(=O)C3=C(O2)C=CC(=C3)O,1
C82,COCCNC(=O)COC1=CC=C(C=C1)OCCNC[C@@H](COC2=CC=CC=C2)O.Cl,1
C83,CCCCN1CCCCC1C(=O)NC2=C(C=CC=C2C)C.Cl,1
C84,C1CN(CCN1C/C=C/C2=CC=CC=C2)C(C3=CC=C(C=C3)F)C4=CC=C(C=C4)F.Cl.Cl,1
C85,CCN1C=C(C(=O)C2=CC(=C(C(=C21)F)N3CCNC(C3)C)F)C(=O)O.Cl,1
C86,CC[N+](CC)(CC)CC.[Cl-],1
C87,C[C@]12CC[C@@]34C[C@@]35CC[C@@H](C([C@@H]5[C@H](C[C@H]4[C@@]1(C[C@@H]([C@@H]2[C@]6(CC[C@H](O6)C(C)(C)O)C)O)C)O[C@H]7[C@@H]([C@H]([C@@H]([C@H](O7)CO)O)O)O)(C)C)O[C@H]8[C@@H]([C@H]([C@@H](CO8)O)O)O,1
C88,CCOC(=O)N1CCN(CC1)/[N+](=N/OC2=C(C=C(C=C2)[N+](=O)[O-])[N+](=O)[O-])/[O-],1
C89,C[C@H]1C[C@@H]([C@@H]([C@H](/C=C(/[C@@H]([C@H](/C=C\C=C(\C(=O)NC2=CC(=O)C(=C(C1)C2=O)OC)/C)OC)OC(=O)N)\C)C)O)OC,1
C90,C1COCCN1[N+]2=CC(=N)O[N-]2.Cl,1
C91,CC(=O)O[C@@H]1C[C@@H]2[C@](C=CC(=O)C2(C)C)([C@@H]3[C@@]1([C@]45[C@H](O4)C(=O)O[C@H]([C@@]5(CC3)C)C6=COC=C6)C)C,1
C92,CN1C2=C(C(=O)NC1=O)NC=N2,1
C93,C([C@@H]1[C@H]([C@H]([C@H](C(O1)O)N)O)O)O,1
C94,CCCCCCCCCC[C@H]1[C@@H](OC1=O)CCCCS(=O)(=O)CCCN(C)C,1
C95,C[C@@]12CCN([C@@H]1N(C3=C2C=C(C=C3)OC(=O)NC)C)C.C[C@@]12CCN([C@@H]1N(C3=C2C=C(C=C3)OC(=O)NC)C)C.OS(=O)(=O)O,1
C96,CCCCCN(CCCCC)C(=O)C(CCC(=O)[O-])NC(=O)C1=CC(=C(C=C1)Cl)Cl.[Na+],1
C97,COC1=CC=CC(=C1O)O,1
C98,C1[C@H]([C@H](OC2=CC(=CC(=C21)O)O)C3=CC(=C(C(=C3)O)O)O)OC(=O)C4=CC(=C(C(=C4)O)O)O,1
C99,C1[C@H](ON=C1Cl)[C@@H](C(=O)O)N,1
C100,CC\1=C(C2=C(/C1=C\C3=CC=C(C=C3)SC)C=CC(=C2)F)CC(=O)O,1
C101,CN(C)C(=O)/N=N/C(=O)N(C)C,1
C102,CCC(C)N1C(=O)N(C=N1)C2=CC=C(C=C2)N3CCN(CC3)C4=CC=C(C=C4)OC[C@H]5CO[C@](O5)(CN6C=NC=N6)C7=C(C=C(C=C7)Cl)Cl,1
C103,C1=CC=C(C=C1)C2=CC(=O)C3=C(C=C(C=C3O2)O)O,1
C104,C1=CC=C(C=C1)C2=CN3C(=N2)SC(=N3)S(=O)(=O)N,1
C105,COC1=CC=C(C=C1)N2CCN(CC2)C(=O)ON3C(=O)C4CN(CCN4C3=O)CC5CCN(CC5)CC6=CC=CC=C6,1
C106,C1CCC(CC1)NC(=O)OC2=CC=CC(=C2)C3=CC(=CC=C3)C(=O)N,1
C107,C([C@H](C([C@H](CO)O)O)O)O,1
C108,COC1=CC(=CC(=C1OC)OC)[C@H]2[C@@H]3[C@H](COC3=O)[C@H](C4=CC5=C(C=C24)OCO5)O,1
C109,CN1C(=C(C2=CC=CC=C2S1(=O)=O)O)C(=O)NC3=CC=CC=N3,1
C110,CC1=C(C(=O)N2C=CC=CC2=N1)CCN3CCC(CC3)C(=O)C4=CC=C(C=C4)F,1
C111,CCCCN1CCCC1CNC(=O)C2=C(C3=CC=CC=C3C(=C2)C#N)OC,1
C112,C([C@H]([C@@H](CS)O)O)S,1
C113,CC1=CC=C(O1)/C=N/NC(=O)C2=CC=CC=C2OC3=CC=CC=C3,1
C114,CCC(C)(C)C(=O)O[C@H]1C[C@H](C=C2[C@H]1[C@H]([C@H](C=C2)C)CC[C@@H]3C[C@H](CC(=O)O3)O)C,1
C115,CN(C)CCCN1C2=CC=CC=C2SC3=CC=CC=C31.Cl,1
C116,COC1=CC=C(C=C1)CC(=O)C2=C(C=C(C=C2)O)O,1
C117,C1=CC=C(C=C1)C2=CC(=O)C3=C(O2)C=C(C(=C3O)O)O,1
C118,CC(=CCO)C,1
C119,C1[C@H]2[C@H](CO[C@@H]2OC3=CC4=C(C=C3)OCO4)[C@H](O1)C5=CC6=C(C=C5)OCO6,1
C120,COC1=C(C=C2C(=C1)C(=NC(=N2)N3CCN(CC3)C(=O)C4COC5=CC=CC=C5O4)N)OC.CS(=O)(=O)O,1
C121,CN(C1CCCCC1)C(=O)N2C=C(N=C2)C3=C[N+](=CC=C3)[O-],1
C122,C1(C(C(C(C(C1OP(=O)(O)O)OP(=O)(O)O)OP(=O)(O)O)OP(=O)(O)O)OP(=O)(O)O)OP(=O)(O)O,1
C123,C1[C@@H]([C@H](OC2=CC(=CC(=C21)O)O)C3=CC(=C(C=C3)O)O)O,1
C124,CC[C@H](C)[C@H]1C(=O)N[C@H](C(=O)NC(=C)C(=O)N[C@H](C(=O)N[C@]23CCC(=N[C@@H]2C4=CSC(=N4)[C@H]([C@H](OC(=O)C5=NC6=C(C=C[C@H]([C@@H]6O)N1)C(=C5)[C@H](C)O)C)NC(=O)C7=CSC(=N7)[C@@H](NC(=O)[C@H]8CSC(=N8)/C(=C/C)/NC(=O)[C@@H](NC(=O)C9=CSC3=N9)[C@@H](C)O)[C@@](C)([C@@H](C)O)O)C1=NC(=CS1)C(=O)NC(=C)C(=O)NC(=C)C(=O)N)C)C,1
C125,CCCCN(CC)C1=NC(=NC2=C1C(=C(N2C3=C(C=C(C=C3C)C)C)C)C)C,1
C126,C1(C(C(C(C(C1O)O)O)O)O)O,1
C127,CC(COC1=CC=CC=C1)N(CCCl)CC2=CC=CC=C2.Cl,1
C128,C[C@@]12CCN([C@@H]1N(C3=C2C=C(C=C3)OC(=O)NC)C)C,1
C129,COC1=C(C=CC(=C1)/C=C/C(=O)O)O,1
C130,C1=CC(=C(C(=C1)Cl)Cl)C2=C(N=C(N=N2)N)N,1
C131,CC1=C(N(C(=C1)CC(=O)[O-])C)C(=O)C2=CC=C(C=C2)Cl.[Na+],1
C132,CCN1CCC[C@H]1CNC(=O)C2=C(C=CC(=C2)S(=O)(=O)N)OC,1
C133,CN(CCC1=CC=C(C=C1)NS(=O)(=O)C)CCOC2=CC=C(C=C2)NS(=O)(=O)C,1
C134,CCCCNC1=CC=C(C=C1)C(=O)OCCN(C)C.Cl,1
C135,C1=CC=C(C=C1)C2=CC(=O)C3=C(O2)C(=C(C=C3)O)O,1
C136,C1CCN(C(C1)CC2=CC=CC=C2)C(=O)N3C=C(N=N3)C4=CC=C(C=C4)C5=CC(=CC=C5)C(=O)O,1
C137,CN(C)[C@H]1[C@@H]2C[C@@H]3CC4=C(C=CC(=C4C(=C3C(=O)[C@@]2(C(=C(C1=O)C(=O)N)O)O)O)O)N(C)C,1
C138,CN1C(=O)C2=C(NC1=O)N=CN2,1
C139,C1[C@H]([C@@H]([C@H]([C@@H]([C@H]1N)O[C@@H]2[C@@H]([C@H]([C@@H]([C@H](O2)CN)O)O)O)O)O[C@@H]3[C@@H]([C@H]([C@@H]([C@H](O3)CO)O)N)O)N.OS(=O)(=O)O,1
C140,C(CCN=C(N)N)CN,1
C141,CC(C)C1=CC2=C(C=C1)OC3=NC(=C(C=C3C2=O)C(=O)O)N,1
C142,CC1=C(N=C(C(=N1)C)C)C,1
C143,CC1=CNC(=O)NC1=O,1
C144,CCCCCC1=CC(=C(C(=C1)O)[C@@H]2C=C(CC[C@H]2C(=C)C)C)O,1
C145,C([C@@H](C(=O)O)N)[Se],1
C146,CCCCCCCCCCCCCCCC[N+]1=CC=CC=C1.[Cl-],1
C147,CCCCCCCCCCCCCCCCCC(=O)OC[C@H](COP(=O)(O)OC[C@@H](C(=O)O)N)OC(=O)CCCCCCCCCCCCCCCCC,1
C148,C1CCN(CC1)CC2=CC(=CC=C2)OCCCNC3=NC4=CC=CC=C4S3.C(=C\C(=O)O)\C(=O)O.C(=C\C(=O)O)\C(=O)O,1
C149,CCCCCCCC(=O)O[C@H]1[C@H]2C(=C([C@@H]1OC(=O)/C(=C\C)/C)C)[C@H]3[C@]([C@H](C[C@]2(C)OC(=O)C)OC(=O)CCC)([C@](C(=O)O3)(C)O)O,1
C150,C1/C(=C\C2=CC(=C(C=C2)O)O)/C(=O)C3=C(O1)C=C(C=C3)O,1
C151,C1=CC(=CC=C1CCC(=O)C2=C(C=C(C=C2O)O[C@H]3[C@@H]([C@H]([C@@H]([C@H](O3)CO)O)O)O)O)O,1
C152,CC(=C)CCO,1
C153,C(C(=O)O)N,1
C154,C1=CC(=C(C=C1/C=C/C(=O)O)O)O,1
C155,CN1C=NC2=C1C(=O)NC(=O)N2,1
C156,COC1=C(C=C(C=C1)C2=CC(=O)C3=C(O2)C(=C(C(=C3OC)OC)OC)OC)OC,1
C157,C1OC2=C(O1)C=C(C=C2)O,1
C158,C[C@@]1([C@H]2C[C@H]3[C@@H](C(=O)C(=C([C@]3(C(=O)C2=C(C4=C1C=CC=C4O)O)O)O)C(=O)N)N(C)C)O.Cl,1
C159,CC1=C(C(C[C@@H](C1=O)O)(C)C)/C=C/C(=C/C=C/C(=C/C=C/C=C(/C=C/C=C(/C=C/C2=C(C(=O)[C@H](CC2(C)C)O)C)\C)\C)/C)/C,1
C160,C1=CN(C(=O)N=C1N)[C@H]2[C@@H]([C@@H]([C@H](O2)CO)O)O,1
C161,C[N+](C)(C)C[C@@H](CC(=O)[O-])O,1
C162,C1[C@@H]([C@H]([C@@H]([C@H]([C@@H]1NC(=O)[C@H](CCN)O)O[C@@H]2[C@@H]([C@H]([C@@H]([C@H](O2)CO)O)N)O)O)O[C@@H]3[C@@H]([C@H]([C@@H]([C@H](O3)CN)O)O)O)N.O,1
C163,C1=CC=C(C=C1)C2=CC=C(C=C2)CC(=O)O,1
C164,C1C(=O)NC2=C(C=C(C=C2)Cl)C(S1)C3=CC=CC=C3Cl,1
C165,C1C2=C(C3=CC=CC=C3NC1=O)NC4=C2C=C(C=C4)[N+](=O)[O-],1
C166,[Hf],1
C167,CC(=O)OC[C@H](COP(=O)(O)OCCN)OC(=O)C,1
C168,CC(=O)O[C@@H]1C[C@]2([C@@H](CCC2=O)C3=C1[C@]4([C@H](OC(=O)C5=COC(=C54)C3=O)COC)C)C,1
C169,CC[C@H](C)C(=O)O[C@H]1C[C@H](C=C2[C@H]1[C@H]([C@H](C=C2)C)CC[C@@H]3C[C@H](CC(=O)O3)O)C,1
C170,COC1=CC=CC=C1C2=CC=C(C=C2)C3=CN(N=N3)C(=O)N4CCCCC4CC5=CC=CC=C5,1
C171,CCCC(CCC)C(=O)O,1
C172,COC1=C(C=CC(=C1)C[C@@H](CO[C@H]2[C@@H]([C@H]([C@@H]([C@H](O2)CO)O)O)O)[C@@H](CC3=CC(=C(C=C3)O)OC)CO[C@H]4[C@@H]([C@H]([C@@H]([C@H](O4)CO)O)O)O)O,1
C173,C12=C(NC(=O)N1)NC(=O)NC2=O,1
C174,C1CCC2=C(CC1)C(=O)OC3=C2C=CC(=C3)OS(=O)(=O)N,1
C175,C1=CC(=C(C=C1OC2=C(C=C(C=C2I)C[C@@H](C(=O)O)N)I)I)O,1
C176,CN1C=NC2=C1C(=O)N(C(=O)N2)C,1
C177,C1=C(NC(=O)NC1=O)C(=O)[O-],1
C178,C1=CC(=C(C=C1/C=C/C(=O)O[C@@H](C(=O)O)[C@@H](OC(=O)/C=C/C2=CC(=C(C=C2)O)O)C(=O)O)O)O,1
C179,CC(C)C1=C(C(=C2C(=C1)CC[C@@H]3[C@@]2(CCCC3(C)C)C(=O)O)O)O,1
C180,CN1C=NC2=C1C(=O)N(C(=O)N2C)C,1
C181,CN1C2=C(C(=O)N(C1=O)C)NC=N2,1
C182,C1[C@H]2[C@H](CO[C@@H]2C3=CC4=C(C=C3)OCO4)[C@H](O1)C5=CC6=C(C=C5)OCO6,1
C183,C[C@@]12CCC[C@@]([C@H]1CC[C@]34[C@H]2CC[C@](C3)(C(=C)C4)O[C@H]5[C@@H]([C@H]([C@@H]([C@H](O5)CO)O)O[C@H]6[C@@H]([C@H]([C@@H]([C@H](O6)CO)O)O)O)O[C@H]7[C@@H]([C@H]([C@@H]([C@H](O7)CO)O)O)O)(C)C(=O)O[C@H]8[C@@H]([C@H]([C@@H]([C@H](O8)CO)O)O)O,1
C184,CCCCCCCCCCCCCC1/C(=C/CCCCC(=O)N)/C(=O)O1,1
C185,C(CS(=O)O)N,1
C186,CCCCCCCC(=O)C1=CC(=C(C=C1)O)C(=O)O,1
C187,CC1=C(C(=O)N(N1C)C2=CC=CC=C2)N(C)CS(=O)(=O)O,1
C188,CCCCC(=O)O[C@H]1CC[C@@H]2[C@@]1(CC[C@H]3[C@H]2CCC4=C3C=CC(=C4)O)C,1
C189,CC(C)C(CCCN(C)CCC1=CC(=C(C=C1)OC)OC)(C#N)C2=CC(=C(C=C2)OC)OC,1
C190,CC(C)(C)C1=CC(=C(C=C1O)C(C)(C)C)O,1
C191,CC(C)C1=C(C(=C2C(=C1)[C@@H]3C[C@@H]4[C@@]2(CCCC4(C)C)C(=O)O3)O)O,1
C192,C1=CC=C2C(=C1)C=NN=C2NN,1
C193,CC1NC2=CC(=C(C=C2C(=O)N1C3=CC=CC=C3C)S(=O)(=O)N)Cl,1
C194,COC1=CC(=C2C(=C1)OC(=CC2=O)C3=CC=CC=C3)O,1
C195,C1(C(=O)NC(=O)N1)NC(=O)N,1
C196,CC(=O)O[C@@H]1[C@H](CN[C@@H]1CC2=CC=C(C=C2)OC)O,1
C197,CN(C1CCCCC1)C(=O)N2C=C(N=C2)C3=CN=CC=C3,1
C198,C[C@H]1[C@@H]([C@H]([C@H]([C@@H](O1)O[C@@H]2[C@H]([C@@H]([C@H](O[C@H]2OC3=CC(=C4C(=O)C[C@H](OC4=C3)C5=CC=C(C=C5)O)O)CO)O)O)O)O)O,1
C199,C[C@H]1C[C@@H]([C@@H]([C@H](/C=C(/[C@@H]([C@H](/C=C\C=C(\C(=O)NC2=CC(=O)C(=C(C1)C2=O)NCC=C)/C)OC)OC(=O)N)\C)C)O)OC,1
C200,C([C@@H](C(=O)O)N)O,1
C201,C[C@@H]1C[C@@H]2[C@H](O2)/C=C\C=C\C(=O)CC3=C(C(=CC(=C3Cl)O)O)C(=O)O1,1
C202,C1=CC(=CC=C1/C=C\2/C(=O)C3=C(O2)C=C(C=C3)O)O,1
C203,C1=NC(=NC(=O)N1[C@H]2[C@@H]([C@@H]([C@H](O2)CO)O)O)N,1
C204,C[C@]12CC[C@H]3C(=CC(=O)[C@H](O3)C(C)(C)O)[C@@]1(CC[C@@H]4[C@@]2(C5=C(C4)C6=CC=CC=C6N5)C)O,1
C205,C1CC1C(=O)N2CCN(CC2)C(=O)C3=C(C=CC(=C3)CC4=NNC(=O)C5=CC=CC=C54)F,1
C206,C[C@H]1/C=C/C=C(\C(=O)NC2=C(C(=C3C(=C2O)C(=C(C4=C3C(=O)[C@](O4)(O/C=C/[C@@H]([C@H]([C@H]([C@@H]([C@@H]([C@@H]([C@H]1O)C)O)C)OC(=O)C)C)OC)C)C)O)O)/C=N/N5CCN(CC5)C)/C,1
C207,C1=CC=C(C=C1)CCCCOC2=C3C=CC(=O)OC3=CC4=C2C=CO4,1
C208,C1=CC(=C(C=C1C[C@H](C(=O)O)OC(=O)/C=C/C2=CC(=C(C=C2)O)O)O)O,1
C209,Oc1c(Cl)cc(Cl)cc1Sc1cc(Cl)cc(Cl)c1O,0
C210,CCCCCC1C(=O)CCC1CC(=O)O,0
C211,Cc1cc(=O)n(-c2ccccc2)n1C,0
C212,O=C(C=CC=Cc1ccc2c(c1)OCO2)N1CCCCC1,0
C213,O=c1ccc2cc(OC3OC(CO)C(O)C(O)C3O)c(O)cc2o1,0
C214,Nc1ccc(C(=O)O)cc1,0
C215,O=C(O)CCC(=O)c1ccc(-c2ccccc2)cc1,0
C216,Nc1ccc(C(=O)O)c(O)c1,0
C217,CS(=O)(=O)OCCCCOS(C)(=O)=O,0
C218,CCCc1cc(C(N)=S)ccn1,0
C219,O=c1cc[nH]c(=S)[nH]1,0
C220,CC(COc1ccc(C=Cc2ccccc2)cc1)[N+](C)(C)C,0
C221,CCCCCCCCCC(=O)NC(CN1CCOCC1)C(O)c1ccccc1,0
C222,CC[N+](CC)(CC)CC,0
C223,C[N+](C)(C)CCCCCCCCCC[N+](C)(C)C,0
C224,Cc1cc(=[NH2+])c2ccccc2n1CCCCCCCCCCn1c(C)cc(=[NH2+])c2ccccc21,0
C225,C[N+]1(CCCCC[N+]2(C)CCCC2)CCCC1,0
C226,C[N+]1(C)CCN(c2ccccc2)CC1,0
C227,Cc1c2ccncc2c(C)c2c1[nH]c1ccccc12,0
C228,Cc1nccc2c1[nH]c1ccccc12,0
C229,Nc1ccc(-c2nc3ccc(-c4nc5ccc(N)cc5[nH]4)cc3[nH]2)cc1,0
C230,CN1CCc2ccccc2Cc2[nH]c3ccccc3c2CC1,0
C231,CC(N)Cc1cnc[nH]1,0
C232,Cc1cn[nH]c1,0
C233,CCCN1CCCC2Cc3[nH]ncc3CC21,0
C234,CC1(C)CCC=[N+]1[O-],0
C235,C[N+](C)(C)CC=O,0
C236,O=C1OC(=CBr)CCC1c1cccc2ccccc12,0
C237,O=c1[nH]c(=O)n(C2CC(O)C(CO)O2)cc1C=CBr,0
C238,CCN(CC)c1ncnc2c1ncn2C1OC(COP(=O)(O)OP(=O)(O)C(Br)(Br)P(=O)(O)O)C(O)C1O,0
C239,CC(C)CC1C(=O)N2CCCC2C2(O)OC(NC(=O)C3C=C4c5cccc6[nH]c(Br)c(c56)CC4N(C)C3)(C(C)C)C(=O)N12,0
C240,O=[N+]([O-])c1cccc2c(Br)[nH]nc12,0
C241,O=c1[nH]c(=O)n(C2CC(O)C(CO)O2)cc1Br,0
C242,CN(C)c1nc2c(Br)c(Br)c(Br)c(Br)c2[nH]1,0
C243,Brc1c(Br)c(Br)c2n[nH]nc2c1Br,0
C244,CC(N)CN1CCc2ccc(Br)cc21,0
C245,O=c1onc2n1-c1cc(Br)ccc1OC2,0
C246,O=Nc1c(-c2c(O)[nH]c3cc(Br)ccc23)[nH]c2ccccc12,0
C247,Brc1ccc(C2CN3CCSC3=N2)cc1,0
C248,CN(C)CC=C(c1ccc(Br)cc1)c1cccnc1,0
C249,O=S(=O)(NCCNCC=Cc1ccc(Br)cc1)c1cccc2cnccc12,0
C250,CC[N+](C)(C)Cc1ccccc1Br,0
C251,CCN(CCCl)Cc1ccccc1Br,0
C252,Nc1nc2c(nc(Br)n2C2OC3COP(=O)(O)OC3C2O)c(=O)[nH]1,0
C253,Nc1ncnc2c1nc(Br)n2C1OC2COP(=O)(O)OC2C1O,0
C254,C=CCc1ccccc1OCC(O)CNC1(C)CCCC(C(C)(C)NC(=O)CBr)C1,0
C255,C[N+](C)(C)CCOC(=O)CBr,0
C256,CC(=O)NBr,0
C257,O=P(O)(O)C(Cl)(Cl)P(=O)(O)O,0
C258,NC(C(=O)NC1C(=O)N2C(C(=O)O)=C(Cl)CSC12)c1ccccc1,0
C259,CC(C)(Oc1ccc(C2CC2(Cl)Cl)cc1)C(=O)O,0
C260,CCCN(CCC)C(=O)Cc1c(-c2ccc(Cl)cc2)nc2c(Cl)cc(Cl)cn12,0
C261,CC1CC2C3CCC4=CC(=O)C=CC4(C)C3(Cl)C(O)CC2(C)C1(O)C(=O)CO,0
C262,Nc1nnc(-c2cccc(Cl)c2Cl)c(N)n1,0
C263,CCOC(=O)C1=C(C)NC(C)=C(C(=O)OC)C1c1cccc(Cl)c1Cl,0
C264,CC(N)c1cccc(Cl)c1Cl,0
C265,CCCN(CC1CC1)c1nc(C)nc(Nc2c(Cl)cc(Cl)cc2Cl)c1Cl,0
C266,Cc1ccc(Cl)c(Nc2ccccc2C(=O)O)c1Cl,0
C267,CC1(C2CCCC2)Cc2cc(OCC(=O)O)c(Cl)c(Cl)c2C1=O,0
C268,CCCCC1(C2CCCC2)Cc2cc(OCC(=O)O)c(Cl)c(Cl)c2C1=O,0
C269,O=C(O)C(=Cc1c(C(=O)O)[nH]c2cc(Cl)cc(Cl)c12)c1ccccc1,0
C270,CN1CCc2c(cc(O)c(O)c2Cl)C(c2cccc(Cl)c2)C1,0
C271,O=C(O)c1cc(=O)c2c(Cl)cc(Cl)cc2[nH]1,0
C272,CN1CCc2cccc(Cl)c2CC1,0
C273,CC1C(=O)NC2=Nc3cccc(Cl)c3CN21,0
C274,CNC(CC(C)C)C(=O)NC1C(=O)NC(CC(N)=O)C(=O)NC2C(=O)NC3C(=O)NC(C(=O)NC(C(=O)O)c4cc(O)cc(O)c4-c4cc3ccc4O)C(O)c3ccc(c(Cl)c3)Oc3cc2cc(c3OC2OC(CO)C(O)C(O)C2OC2CC(C)(N)C(O)C(C)O2)Oc2ccc(cc2Cl)C1O,0
C275,O=C(Nc1ccc([N+](=O)[O-])cc1Cl)c1cc(Cl)ccc1O,0
C276,C[N+](C)(C)CC#CCOC(=O)Nc1cccc(Cl)c1,0
C277,COc1ccc(Cl)cc1C(=O)NCCc1ccc(S(=O)(=O)NC(=O)NC2CCCCC2)cc1,0
C278,CCN(CC)CCNC(=O)c1cc(Cl)c(N)cc1OC,0
C279,CCN(CC)CCOC(=O)c1cc(Cl)c(N)cc1OC,0
C280,COc1cc(N)c(Cl)cc1C(=O)OCCN1CCCCC1,0
C281,CCCCN1CCC(COC(=O)c2cc(Cl)c(N)c3c2OCCO3)CC1,0
C282,CN1C2CCC1CC(OC(=O)c1cc(Cl)cc(Cl)c1)C2,0
C283,CN(CCCl)Cc1cc(Cl)c(NC2=NCCN2)c(Cl)c1,0
C284,CCc1cc(Cl)c(OC)c(C(=O)NCC2CCN(CC)C2)c1O,0
C285,CC(Cc1ccc2c(c1)OC(C(=O)O)(C(=O)O)O2)NCC(O)c1cccc(Cl)c1,0
C286,CC(Cc1ccc(OCC(=O)O)cc1)NCC(O)c1cccc(Cl)c1,0
C287,Cn1c(=O)c2c(nc(C=Cc3cccc(Cl)c3)n2C)n(C)c1=O,0
C288,CC(NC(C)(C)C)C(=O)c1cccc(Cl)c1,0
C289,CNC1CC(c2ccc(Cl)c(Cl)c2)c2ccccc21,0
C290,CNC1CCC(c2ccc(Cl)c(Cl)c2)c2ccccc21,0
C291,CCCCCN(CCCCC)C(=O)C(CCC(=O)O)NC(=O)c1ccc(Cl)c(Cl)c1,0
C292,NC(=NCc1ccc(Cl)c(Cl)c1)NC(=O)c1nc(Cl)c(N)nc1N,0
C293,CN(C(=O)Cc1ccc(Cl)c(Cl)c1)C(CN1CCCC1)c1cccc(OCC(=O)O)c1,0
C294,CN(C(=O)Cc1ccc(Cl)c(Cl)c1)C1CCC2(CCCO2)CC1N1CCCC1,0
C295,COC(=O)N1CCN(C(=O)Cc2ccc(Cl)c(Cl)c2)C(CN2CCCC2)C1,0
C296,O=C(Cc1ccc(Cl)c(Cl)c1)OCCN1CCCC1,0
C297,CCN1CCCC1CNC(=O)c1c(O)c(Cl)cc(Cl)c1OC,0
C298,CC(=O)N1CCN(c2ccc(OCC3COC(Cn4ccnc4)(c4ccc(Cl)cc4C)O3)cc2)CC1,0
C299,Cn1cc(C2=C(c3ccc(Cl)cc3Cl)C(=O)NC2=O)c2ccccc21,0
C300,Clc1ccc(C(c2ccc(Cl)cc2)n2cc[n+](CC(OCc3ccc(Cl)cc3Cl)c3ccc(Cl)cc3Cl)c2)cc1,0
C301,C#CCN(C)CCCOc1ccc(Cl)cc1Cl,0
C302,Clc1cnc(Oc2ccc(Oc3ncc(Cl)cc3Cl)cc2)c(Cl)c1,0
C303,Nc1ccc(N2C(=O)c3ccccc3C2=O)c(Cl)c1,0
C304,COc1ccc(Cl)cc1NC(=O)Nc1cc(C)nc2ccccc12,0
C305,O=C1NC(=O)C(c2ccccc2[N+](=O)[O-])=C1Nc1ccc(O)c(Cl)c1,0
C306,CCn1cnc2c(Nc3cccc(Cl)c3)nc(NC3CCCCC3N)nc21,0
C307,NS(=O)(=O)c1cc(C(=O)O)c(NCc2ccco2)cc1Cl,0
C308,Nc1nc2ccc(Cl)cc2c2nc(-c3ccco3)nn12,0
C309,CN1CCc2cc(Cl)c(O)cc2C(c2ccccc2)C1,0
C310,CN(C)CCCN1c2ccccc2CCc2ccc(Cl)cc21,0
C311,CN(C)CCCN1c2ccccc2Sc2ccc(Cl)cc21,0
C312,CN1CCN(CCCN2c3ccccc3Sc3ccc(Cl)cc32)CC1,0
C313,OCCN1CCN(CCCN2c3ccccc3Sc3ccc(Cl)cc32)CC1,0
C314,CCn1c(=O)[nH]c2cc(Cl)c(Cl)cc21,0
C315,CC(=O)NNC(=O)N1Cc2ccccc2Oc2ccc(Cl)cc21,0
C316,Cc1cc2c(cc1Cl)N(C(=O)Nc1cccc3ncccc13)CC2,0
C317,Cc1ccccc1N1C(=O)c2cc(S(N)(=O)=O)c(Cl)cc2NC1C,0
C318,NS(=O)(=O)c1cc2c(cc1Cl)NC(C1CC3C=CC1C3)NS2(=O)=O,0
C319,OCC1OC(c2nc3cc(Cl)c(Cl)cc3[nH]2)C(O)C1O,0
C320,O=C(O)c1cc(=O)c2ccc(Cl)cc2[nH]1,0
C321,O=c1[nH]c2cc(Cl)c(Cl)cc2[nH]c1=O,0
C322,O=c1[nH]c2cc(Cl)ccc2c(O)c1-c1cccc(Oc2ccccc2)c1,0
C323,O=c1[nH]c2ccccc2n1CCCN1CCC(n2c(=O)[nH]c3cc(Cl)ccc32)CC1,0
C324,CN1CCN(C2=Nc3cc(Cl)ccc3Nc3ccccc32)CC1,0
C325,O=c1[nH]c2cc(Cl)ccc2o1,0
C326,CC(Oc1ccc(Oc2cnc3ccc(Cl)cc3n2)cc1)C(=O)O,0
C327,NS(=O)(=O)c1cc2c(cc1Cl)NC=NS2(=O)=O,0
C328,CCN(CC)CCCC(C)Nc1ccnc2cc(Cl)ccc12,0
C329,NS(=O)(=O)c1cc2c(cc1Cl)NCNS2(=O)=O,0
C330,CC1=NS(=O)(=O)c2cc(Cl)ccc2N1,0
C331,Cc1nc(N=Nc2cc([N+](=O)[O-])ccc2Cl)c(COP(=O)(O)O)c(C=O)c1O,0
C332,O=C(Nc1ccccc1)c1cc([N+](=O)[O-])ccc1Cl,0
C333,COc1ccc(-n2nc(C(F)(F)F)cc2-c2ccc(Cl)cc2)cc1,0
C334,O=C(O)C=CC(O)c1ccc(Cl)cc1,0
C335,NCC(CC(=O)O)c1ccc(Cl)cc1,0
C336,NCC(CP(=O)(O)O)c1ccc(Cl)cc1,0
C337,CN1C(=O)CCS(=O)(=O)C1c1ccc(Cl)cc1,0
C338,COc1cccc(NC(=O)C=Cc2ccc(Cl)cc2)c1,0
C339,O=C(NC1CN2CCC1CC2)c1ccc(Cl)cc1,0
C340,COc1ccc2c(c1)c(CC(=O)O)c(C)n2C(=O)c1ccc(Cl)cc1,0
C341,NCC(O)(CS(=O)(=O)O)c1ccc(Cl)cc1,0
C342,CN1CCCC1CCOC(C)(c1ccccc1)c1ccc(Cl)cc1,0
C343,NC(Cc1ccc(Cl)cc1)C(=O)O,0
C344,COC(=O)C(N)Cc1ccc(Cl)cc1,0
C345,OC1(c2ccc(Cl)cc2)CCN(Cc2c[nH]c3ccccc23)CC1,0
C346,CN(C)C(=O)C(CCN1CCC(O)(c2ccc(Cl)cc2)CC1)(c1ccccc1)c1ccccc1,0
C347,O=C(CCCN1CCC(O)(c2ccc(Cl)cc2)CC1)c1ccc(F)cc1,0
C348,CC(N)C(=O)OC(C)(C)Cc1ccc(Cl)cc1,0
C349,Oc1cc2c(cc1O)CN(C(=S)NCCc1ccc(Cl)cc1)CCC2,0
C350,CC(C)c1ccc2c(c1)c(SC(C)(C)C)c(CC(C)(C)C(=O)O)n2Cc1ccc(Cl)cc1,0
C351,COc1ccc2c(c1)c(CC(=O)O)c(C)n2Cc1ccc(Cl)cc1,0
C352,CN(C)CCOC(=O)COc1ccc(Cl)cc1,0
C353,CCCNC(=O)NS(=O)(=O)c1ccc(Cl)cc1,0
C354,Nc1ncnc2c1nc(Sc1ccc(Cl)cc1)n2C1OC2COP(=O)(O)OC2C1O,0
C355,C=CCN(C1=NCCN1)c1c(Cl)cccc1Cl,0
C356,Fc1ccc(CN(C2=NCCN2)c2c(Cl)cccc2Cl)cc1,0
C357,O=C(O)Cc1ccccc1Nc1c(Cl)cccc1Cl,0
C358,CCC(C)N(C)C(=O)c1cc2ccccc2c(-c2ccccc2Cl)n1,0
C359,Clc1ccc(C(c2ccccc2Cl)C(Cl)Cl)cc1,0
C360,CC(C)(C)NCC(O)c1ccccc1Cl,0
C361,Clc1ccccc1C(c1ccccc1)(c1ccccc1)n1ccnc1,0
C362,CCN(c1nc(N)c(C(=O)N=C(N)N)nc1Cl)C(C)C,0
C363,CN(C)c1nc(N)c(C(=O)N=C(N)N)nc1Cl,0
C364,CC(C)CN(C)c1nc(N)c(C(=O)N=C(N)N)nc1Cl,0
C365,NC(N)=NC(=O)c1nc(Cl)c(N2CCCCCC2)nc1N,0
C366,Nc1nc(Cl)nc2c1ncn2C1OC(CO)C(O)C1O,0
C367,Nc1nc(Cl)nc2c1ncn2C1OC(COP(=O)(O)OP(=O)(O)OP(=O)(O)O)C(O)C1O,0
C368,Nc1c(S(=O)(=O)O)cc(Nc2ccc(Nc3nc(Cl)nc(Nc4cccc(S(=O)(=O)O)c4)n3)c(S(=O)(=O)O)c2)c2c1C(=O)c1ccccc1C2=O,0
C369,COc1nc(C)nc(Cl)c1NC1=NCCN1,0
C370,Clc1nccc2c1ccc1ccccc12,0
C371,Clc1ccc(N2CC3CCC(C2)N3)nn1,0
C372,O=C(NC(Cc1ccccc1)C(=O)CCl)OCc1ccccc1,0
C373,Cc1ccc(S(=O)(=O)NC(Cc2ccccc2)C(=O)CCl)cc1,0
C374,Cc1ccc(S(=O)(=O)NC(CCCCN)C(=O)CCl)cc1,0
C375,CC(COc1ccccc1)N(CCCl)Cc1ccccc1,0
C376,NC(Cc1ccc(N(CCCl)CCCl)cc1)C(=O)O,0
C377,O=C(O)CCCc1ccc(N(CCCl)CCCl)cc1,0
C378,CC(=O)OCCN(C)CCCl,0
C379,Cc1ncc(CNC(=O)N(CCCl)N=O)c(N)n1,0
C380,O=NN(CCCl)C(=O)NCCCl,0
C381,O=[N+]([O-])c1ccc(OC2OC(CO)C(O)C(O)C2F)c([N+](=O)[O-])c1,0
C382,FC(F)(F)c1cc(COC2CCCNC2c2ccccc2)cc(C(F)(F)F)c1,0
C383,CC(=O)NC(Cc1c[nH]c2ccccc12)C(=O)OCc1cc(C(F)(F)F)cc(C(F)(F)F)c1,0
C384,CC1(C)NC(=O)N(c2ccc([N+](=O)[O-])c(C(F)(F)F)c2)C1=O,0
C385,O=c1[nH]c2cc(C(F)(F)F)ccc2n1-c1cc(C(F)(F)F)ccc1O,0
C386,CC(C)C(=O)Nc1ccc([N+](=O)[O-])c(C(F)(F)F)c1,0
C387,O=C(O)c1cccnc1Nc1cccc(C(F)(F)F)c1,0
C388,CN1CCN(c2nc3cc(C(F)(F)F)ccc3n3cccc23)CC1,0
C389,COCCCCC(=NOCCN)c1ccc(C(F)(F)F)cc1,0
C390,Cc1nnc2cc(-c3ccc(C(F)(F)F)cc3)cnn12,0
C391,Cc1oncc1C(=O)Nc1ccc(C(F)(F)F)cc1,0
C392,CN(CCC(Oc1ccc(C(F)(F)F)cc1)c1ccccc1)CC(=O)O,0
C393,CNCCC(Oc1ccc(C(F)(F)F)cc1)c1ccccc1,0
C394,FC(F)(F)c1ccccc1-n1ccnc1,0
C395,COC(=O)C1=C(C)NC(C)=C([N+](=O)[O-])C1c1ccccc1C(F)(F)F,0
C396,Cn1cc(C(F)(F)F)nc1-c1ccc(OCC(O)CNCCOc2ccc(O)c(C(N)=O)c2)cc1,0
C397,O=C(NCC1CCCCN1)c1cc(OCC(F)(F)F)ccc1OCC(F)(F)F,0
C398,COc1cc(-c2ccc(=O)[nH]n2)ccc1OC(F)F,0
C399,CC1OC(n2cc(F)c(=O)[nH]c2=O)C(O)C1O,0
C400,O=c1[nH]cc(F)c(=O)[nH]1,0
C401,CC12C=CC(=O)C=C1CCC1C3CC(O)C(O)(C(=O)CO)C3(C)CC(O)C12F,0
C402,CC1CC2C3CCC4=CC(=O)C=CC4(C)C3(F)C(O)CC2(C)C1(O)C(=O)CO,0
C403,CCCN(CCC)C1CCc2c(F)ccc(O)c2C1,0
C404,CCn1cc(C(=O)O)c(=O)c2cc(F)c(N3CCNC(C)C3)c(F)c21,0
C405,CC(C)C1c2ccc(F)cc2CCC1(CCN(C)CCCc1nc2ccccc2[nH]1)OC(=O)C1CC1,0
C406,COc1cc2c(cc1C(F)(F)F)N(C(=O)Nc1cc(F)cc(-c3cccnc3)c1)CC2,0
C407,Fc1cccc(C=NN=Cc2cccc(F)c2)c1,0
C408,CCOC(=O)c1ncn2c1CN(C)C(=O)c1cc(F)ccc1-2,0
C409,COCC(=O)OC1(CCN(C)CCCc2nc3ccccc3[nH]2)CCc2cc(F)ccc2C1C(C)C,0
C410,CC1COc2c(N3CCN(C)CC3)c(F)cc3c(=O)c(C(=O)O)cn1c23,0
C411,O=C(O)c1cc2cc(F)ccc2[nH]1,0
C412,Cc1nc2n(c(=O)c1CCN1CCC(c3noc4cc(F)ccc34)CC1)CCCC2,0
C413,CCCCCCN(CCCCCC)C(=O)Cc1c(-c2ccc(F)cc2)[nH]c2ccccc12,0
C414,O=[N+]([O-])c1ccc(-c2nc(-c3ccc(F)cc3)c(-c3ccncc3)[nH]2)cc1,0
C415,Fc1ccc(C2CCNCC2COc2ccc3c(c2)OCO3)cc1,0
C416,Cc1nc2ccccn2c(=O)c1CCN1CCC(C(=O)c2ccc(F)cc2)CC1,0
C417,CC1(C)C(=O)N(CCN2CCC(C(=O)c3ccc(F)cc3)CC2)c2ccccc21,0
C418,O=C(CCCN1CC=C(n2c(=O)[nH]c3ccccc32)CC1)c1ccc(F)cc1,0
C419,COc1ccccc1N1CCN(CCN(C(=O)c2ccc(F)cc2)c2ccccn2)CC1,0
C420,O=c1[nH]c2ccccc2n1C1CCN(CCCC(c2ccc(F)cc2)c2ccc(F)cc2)CC1,0
C421,O=C1NCN(c2ccccc2)C12CCN(CCCC(c1ccc(F)cc1)c1ccc(F)cc1)CC2,0
C422,CCCCN1C2CCC1CC(OC(c1ccc(F)cc1)c1ccc(F)cc1)C2,0
C423,NC(Cc1ccc(F)cc1)C(=O)O,0
C424,NC(=O)c1ccc(OCC(O)CN2CC=C(c3ccc(F)cc3)CC2)cc1,0
C425,Oc1ccc(-c2nc(-c3ccc(F)cc3)c(-c3ccncc3)[nH]2)cc1,0
C426,COc1ccc2c(c1)c(CC(=O)O)c(C)n2Cc1ccc(F)cc1,0
C427,CCOC(=O)Nc1ccc(NCc2ccc(F)cc2)nc1N,0
C428,Nc1ncnc2n[nH]c(Nc3ccc(F)cc3)c12,0
C429,CC(C=Cc1cccc(Oc2ccc(F)cc2)c1)N(O)C(N)=O,0
C430,O=C(c1cc(O)c(O)c([N+](=O)[O-])c1)c1ccccc1F,0
C431,O=S(=O)(c1cccc2c(I)cccc12)N1CCCNCC1,0
C432,CCCCc1oc2ccccc2c1C(=O)c1cc(I)c(OCCN(CC)CC)c(I)c1,0
C433,COc1cc(C=C(C#N)C(=O)c2ccc(O)c(O)c2)cc(I)c1O,0
C434,NC(N)=NCc1cccc(I)c1,0
C435,CNC(=O)C1OC(n2cnc3c(NCc4cccc(I)c4)nc(Cl)nc32)C(O)C1O,0
C436,CNC(=O)C1OC(n2cnc3c(NCc4cccc(I)c4)ncnc32)C(O)C1O,0
C437,NC(Cc1ccc(O)c(I)c1)C(=O)O,0
C438,COc1cc(CC(C)N)c(OC)cc1I,0
C439,O=C1Nc2ccc(I)cc2C1=Cc1cc(Br)c(O)c(Br)c1,0
C440,CC(C)NC(C)Cc1ccc(I)cc1,0
C441,Ic1ccccc1CNC1C2CCN(CC2)C1C(c1ccccc1)c1ccccc1,0
C442,NC(=O)CI,0
C443,C#CCNC(C)Cc1ccccc1,0
C444,CCc1cccc(N(C)C(N)=Nc2cccc3ccccc23)c1,0
C445,CC(N)=NCc1cccc(CN)c1,0
C446,NC(N)=NC(N)=Nc1ccccc1,0
C447,CNC1(C)C2CCC(C2)C1(C)C,0
C448,C#CCN(C)Cc1ccccc1,0
C449,CN(C)CCC=C1c2ccccc2C=Cc2ccccc21,0
C450,CN(C)CCC=C1c2ccccc2CCc2ccccc21,0
C451,CNCCCCCNCCC1CC2CCCC(C2)C1,0
C452,CNCCCC1c2ccccc2C=Cc2ccccc21,0
C453,NC(N)=NCCCCN=C(N)N,0
C454,CN(C)CCCN1c2ccccc2CCc2ccccc21,0
C455,CNCCCN1c2ccccc2CCc2ccccc21,0
C456,NNCCc1ccccc1,0
C457,CCCN1CCCC(c2cccc(C#N)c2)C1,0
C458,CC12NC(Cc3ccccc31)c1ccccc12,0
C459,C1CCc2nnnn2CC1,0
C460,Cc1cccc(C=Cc2ccccc2)n1,0
C461,Cc1cccc(C#Cc2ccccc2)n1,0
C462,Nc1nc(N)c2nc(-c3ccccc3)c(N)nc2n1,0
C463,CN(C)c1nc(N(C)C)nc(N(C)C)n1,0
C464,CCCN1CCCC2Cc3nc(N)ncc3CC21,0
C465,CC(C)Cn1cnc2c(N)nc3ccccc3c21,0
C466,c1ccc2nc(N3CCNCC3)ccc2c1,0
C467,Cc1ccc2c(c1)C(N1CCN(C)CC1)=Nc1cccnc1N2,0
C468,CN1CCCC1c1cccnc1,0
C469,CN(C)c1cc2c(Nc3ccc4c(cnn4Cc4ccccc4)c3)ncnc2cn1,0
C470,Nc1ccncc1,0
C471,CC(N=C(NC#N)Nc1ccncc1)C(C)(C)C,0
C472,c1ccc(-c2ccccn2)nc1,0
C473,CN(C)CCC(c1ccccc1)c1ccccn1,0
C474,Cc1ccc(C(=CCN2CCCC2)c2ccccn2)cc1,0
C475,Cn1ccnc1,0
C476,Cc1ccccc1C=CC1=NCCN1,0
C477,Cc1cc(C(C)(C)C)cc(C)c1CC1=NCCN1,0
C478,Nc1ncnc2c1ncn2C1CCCC1,0
C479,Cn1cnc2c(NC3CCCC3)ncnc21,0
C480,Nn1nnc2ccccc21,0
C481,N=C(N)N1CCc2ccccc2C1,0
C482,CC12CC3CC(C)(C1)CC(N)(C3)C2,0
C483,CN1Cc2c(N)cccc2C(c2ccccc2)C1,0
C484,N#CCCN,0
C485,NCCCCCCCCCCN,0
C486,CC(C[N+](C)(C)C)OC(N)=O,0
C487,CC(=O)OC(C)C[N+](C)(C)C,0
C488,CN1C2CCC1CC(OC(c1ccccc1)c1ccccc1N)C2,0
C489,Cc1ccccc1C(OCCN(C)C)c1ccccc1,0
C490,CCCCCCCCCCCCCCCC(=O)OC(CC(=O)O)C[N+](C)(C)C,0
C491,CCCCCCCCCCCCCCCCCC(=O)OC(CC(=O)O)C[N+](C)(C)C,0
C492,CNCCC(Oc1ccccc1C)c1ccccc1,0
C493,CNC(=O)OCC[N+](C)(C)C,0
C494,COC(=O)C(N)CCCN=C(N)N[N+](=O)[O-],0
C495,COC(=O)C(NC(=O)c1cc(-c2ccccc2)nc2ccccc12)c1ccccc1,0
C496,CC(C)[N+]1(C)C2CCC1CC(OC(=O)C(CO)c1ccccc1)C2,0
C497,C[N+]1(C)C2CCC1CC(OC(=O)C(CO)c1ccccc1)C2,0
C498,CN1C2CCC1CC(OC(=O)C(CO)c1ccccc1)C2,0
C499,C[N+]1(C)CCC(OC(=O)C(c2ccccc2)c2ccccc2)CC1,0
C500,CCCC(C(=O)OCCN(CC)CC)(c1ccccc1)c1ccccc1,0
C501,CCN(CC)CC#CCOC(=O)C(O)(c1ccccc1)C1CCCCC1,0
C502,CC(=O)OC1CC2(C)C(CC(O)C3C4(C)CCC(O)C(C)C4CCC32C)C1=C(CCC=C(C)C)C(=O)O,0
C503,CC(=O)OC1CC2CCC3C(CCC4(C)C3CC([N+]3(C)CCCCC3)C4OC(C)=O)C2(C)CC1[N+]1(C)CCCCC1,0
C504,CCCCCCCCCCCCCC(=O)OC1C(C)C2(O)C(C=C(CO)CC3(O)C(=O)C(C)=CC32)C2C(C)(C)C12OC(C)=O,0
C505,CC(=O)Oc1cc(C(C)C)c(OCCN(C)C)cc1C,0
C506,COCCOC(=O)C1=C(C)NC(C)=C(C(=O)OC(C)C)C1c1cccc([N+](=O)[O-])c1,0
C507,C#CCN1C(C)=C(C(=O)OC)C(c2cccc([N+](=O)[O-])c2)C(C(=O)OCC)=C1C,0
C508,COCCOC(=O)C1=C(C)NC(C)=C(C(=O)OCC=Cc2ccccc2)C1c1cccc([N+](=O)[O-])c1,0
C509,COC(=O)C1=C(C)NC(C)=C(C(=O)OC)C1c1ccccc1[N+](=O)[O-],0
C510,CCN(CC)CCOCCOC(=O)C1(c2ccccc2)CCCC1,0
C511,CCN(CC)CCOC(=O)C1(C2CCCCC2)CCCCC1,0
C512,COC(=O)c1c(C)[nH]c(C)c1C(=O)c1ccccc1Cc1ccccc1,0
C513,C[N+]1(C)C2CCC1CC(OC(=O)c1c[nH]c3ccccc13)C2,0
C514,CN1C2CCC1CC(OC(=O)c1c[nH]c3ccccc13)C2,0
C515,O=C(OCCN1CCCCC1)c1c[nH]c2ccccc12,0
C516,CCN(CC)CCOC(=O)c1ccc(N)cc1,0
C517,CCCCNc1ccc(C(=O)OCCN(C)C)cc1,0
C518,CCOC(=O)c1cnc2c(cnn2CC)c1NN=C(C)C,0
C519,COC(=O)c1cc2c(cn1)[nH]c1ccccc12,0
C520,C[N+](C)(C)CCOC(=O)CCC(=O)OCC[N+](C)(C)C,0
C521,CCCCCCC(=O)OC1CC(C)(C)NC(C)(C)C1,0
C522,CN(C)C(=O)Oc1cccc([N+](C)(C)C)c1,0
C523,CNC(=O)Oc1ccc2c(c1)C1CCN(C)C1N2C,0
C524,CN(C)CCOC(C)(c1ccccc1)c1ccccn1,0
C525,CC(C)Oc1cccnc1N(C)C1CCN(Cc2ccccc2)CC1,0
C526,CN1C2CCC1CC(OC(c1ccccc1)c1ccccc1)C2,0
C527,CN(C)CCOC(c1ccccc1)c1ccccc1,0
C528,COC1=C(OC)C(=O)c2ccccc2C1=O,0
C529,COc1cc(=O)n(C)c2c(OCC(O)C(C)(C)O)cccc12,0
C530,COc1cc2c(c(OC)c1OC)-c1ccc(OC)c(=O)cc1C(NC(C)=O)CC2,0
C531,COc1ccc(CCN(C)CCCC(C#N)(c2cc(OC)c(OC)c(OC)c2)C(C)C)cc1OC,0
C532,CCN(CC)CCCCCCCCOC(=O)c1cc(OC)c(OC)c(OC)c1,0
C533,COc1cc(C(=O)OCCCN2CCCN(CCCOC(=O)c3cc(OC)c(OC)c(OC)c3)CC2)cc(OC)c1OC,0
C534,COC(=O)c1c(-c2cc(OC)c(OC)c(OC)c2)c2ccnc(OCc3ncccn3)c2c(=O)n1Cc1ccnc(C)c1,0
C535,COC(=O)c1c(-c2cc(OC)c(OC)c(OC)c2)c2ccc(OCc3ccccn3)cc2c(=O)n1-c1ccc(N)cc1,0
C536,COc1cc(Cc2cnc(N)nc2N)cc(OC)c1OC,0
C537,COc1ccc(NC=O)c(C(=O)CCNC(C)=O)c1,0
C538,COc1cc(C=C(C#N)C#N)cc(O)c1O,0
C539,C=CCN1CC(C)N(C(c2ccc(C(=O)N(CC)CC)cc2)c2cccc(OC)c2)CC1C,0
C540,COc1cc(C(O)C(=O)O)ccc1O,0
C541,COc1cc(C(O)CN)ccc1O,0
C542,COc1cc(C(O)CO)ccc1O,0
C543,CCN(CC)C(=O)c1ccc(O)c(OC)c1,0
C544,COc1cc(CC(=O)O)ccc1O,0
C545,COc1cc(CCN)ccc1O,0
C546,COc1cc(CNC(=O)CCCCCCC(C)C)ccc1O,0
C547,CCCCCCCCC(=O)NCc1ccc(O)c(OC)c1,0
C548,COc1ccc(C=CC(=O)Nc2ccccc2C(=O)O)cc1OC,0
C549,COc1ccc(CCN(C)CCCC(C#N)(c2ccc(OC)c(OC)c2)C(C)C)cc1OC,0
C550,COc1ccc(Cc2nccc3cc(OC)c(OC)cc23)cc1OC,0
C551,COc1ccc(CCN(C)CCc2ccc(OC)c(OC)c2)cc1OC,0
C552,COc1ccc(CCNCC(O)c2ccc(O)cc2)cc1OC,0
C553,COc1cc(OC)c(C=C2C(=O)Nc3ccccc32)c(OC)c1,0
C554,COc1ccc2c(c1)C(=Cc1cnc[nH]1)C(=O)N2,0
C555,COc1cc2c(cc1O)CCC1C2CCC2(C)C(O)CCC12,0
C556,CCOC(=O)c1ncn2c1C1CCCN1C(=O)c1cc(OC)ccc1-2,0
C557,COc1ccc2[nH]cc(CCN(C)C)c2c1,0
C558,COc1ccc2[nH]cc(CCN)c2c1,0
C559,COc1ccc2[nH]cc(CCNC(C)=O)c2c1,0
C560,COc1cc2c(CCNC(C)=O)c[nH]c2cc1O,0
C561,COc1ccc2cc(C(C)C(=O)O)ccc2c1,0
C562,COc1cc2c(cc1OC)C(c1ccccc1)CN(C)CC2,0
C563,CCC1CN2CCc3cc(OC)c(OC)cc3C2CC1CC1NCCc2cc(OC)c(OC)cc21,0
C564,COc1ccc2c(c1)c(CC(=O)O)c(C)n2C(=O)c1ccccc1,0
C565,CCCC(=O)NCCc1c2n(c3ccc(OC)cc13)Cc1ccccc1-2,0
C566,CCCC(=O)NCCc1c2n(c3ccc(OC)cc13)CCCc1ccccc1-2,0
C567,COc1cc2nc(N3CCN(C(=O)OCc4ccccc4)C(C(=O)NC(C)(C)C)C3)nc(N)c2cc1OC,0
C568,COc1ccc2c(c1)C13CCCCC1C(C2)NCC3,0
C569,CCc1c(C(=O)OC)ncc2[nH]c3cc(OC)c(OC)cc3c12,0
C570,COc1ccc2[nH]c3c(c2c1)CCNC3,0
C571,CCCN(CCC)C1Cc2cc(OC)c(OC)cc2C1,0
C572,COc1ccc2c(c1)CCC1C2CCC2(C)C(NCCCCCCN3C(=O)C=CC3=O)CCC12,0
C573,CCC1(O)CC2CN(CCc3c([nH]c4ccccc34)C(C(=O)OC)(c3cc4c(cc3OC)N(C)C3C(O)(C(=O)OC)C(OC(C)=O)C5(CC)C=CCN6CCC43C65)C2)C1,0
C574,COc1ccc(C(=O)N2CCCC2=O)cc1,0
C575,COc1ccc(CC(C)NCC(O)c2ccc(O)c(NC=O)c2)cc1,0
C576,COc1ccc(C=C(C#N)C#N)cc1,0
C577,COc1ccc(CN(CCN(C)C)c2ccccn2)cc1,0
C578,COc1ccc(CNC(=O)C=Cc2ccc3[nH]cc(CCN(C)C)c3c2)cc1,0
C579,COc1ccc(C(=O)NCc2cccnc2)cc1C(=O)NCc1cccnc1,0
C580,COc1ccc(CCN)cc1O,0
C581,COc1ccc(OC)c(C(O)C(C)N)c1,0
C582,COc1ccc2c(c1O)-c1cccc3c1C(C2)N(C)CC3,0
C583,COc1ccccc1CNCCCCCCNCCCCCCCCNCCCCCCNCc1ccccc1OC,0
C584,COc1ccccc1N1CCN(CCCCNC(=O)c2ccc3ccccc3c2)CC1,0
C585,COc1ccccc1N1CCN(CCCNc2cc(=O)n(C)c(=O)n2C)CC1,0
C586,COc1ccccc1N1CCN(CCCNc2c(C)c(=O)n(C)c(=O)n2C)CC1,0
C587,COc1ccccc1N1CCN(CCN(C(=O)C2CCCCC2)c2ccccn2)CC1,0
C588,COc1ccccc1N1CCN(CCN2C(=O)CC3(CCCC3)CC2=O)CC1,0
C589,COc1ccccc1N1CCNCC1,0
C590,COc1ccccc1NC(=O)Nc1nc(-c2cccnc2)nc2ccccc12,0
C591,CNCCC(Oc1ccccc1OC)c1ccccc1,0
C592,Cc1cccc(C)c1OCC(N)C(C)C,0
C593,Cc1cccc(C)c1OCC(C)N,0
C594,Cc1ccc(OCC(O)C(C)NC(C)C)c2c1CCC2,0
C595,CCc1ccccc1OCC(O)CNC1CCc2ccccc2C1,0
C596,COc1ccccc1OCC(O)CN1CCN(CC(=O)Nc2c(C)cccc2C)CC1,0
C597,CC(C)(C)NCC(O)COc1cccc2[nH]c(=O)[nH]c12,0
C598,CC(C)NCC(O)COc1cccc2[nH]ccc12,0
C599,CC(C)NCC(O)COc1cccc2ccccc12,0
C600,CC(C)NCC(O)COc1ccc(CC(N)=O)cc1,0
C601,COCCc1ccc(OCC(O)CNC(C)C)cc1,0
C602,CC(C)NCC(O)COc1ccc(CCOCC2CC2)cc1,0
C603,CC(C)NCC(O)COc1ccc(COCCOC(C)C)cc1,0
C604,C=CCc1ccccc1OCC(O)CNC(C)C,0
C605,CCCNCC(O)COc1ccccc1C(=O)CCc1ccccc1,0
C606,COc1ccc(C2CNC(=O)C2)cc1OC1CCCC1,0
C607,CCCn1c(=O)c2[nH]c(-c3ccc(OCC(=O)Nc4ccc(C#N)cc4)cc3)nc2n(CCC)c1=O,0
C608,CCCn1c(=O)c2[nH]c(-c3ccc(OCC(=O)NCCN)cc3)nc2n(CCC)c1=O,0
C609,CC(C)COCC(CN(Cc1ccccc1)c1ccccc1)N1CCCC1,0
C610,CCCC(C)(COC(N)=O)COC(=O)NC(C)C,0
C611,NC(=O)OCC(COC(N)=O)c1ccccc1,0
C612,C[N+](C)(C)CCOC(N)=O,0
C613,CC[N+](CC)(CC)CCOc1cccc(OCC[N+](CC)(CC)CC)c1OCC[N+](CC)(CC)CC,0
C614,CC[N+](CC)(CC)CCOc1ccc(C=Cc2ccccc2)cc1,0
C615,CC(C)C(NC(=O)OCc1ccccc1)C(=O)NC(C=O)Cc1ccccc1,0
C616,Cc1nc2c(OCc3ccccc3)cccn2c1CC#N,0
C617,Nc1nc(OCc2ccccc2)c2[nH]cnc2n1,0
C618,CCCCCC(O)c1cccc(OCc2ccc3ccccc3n2)c1,0
C619,O=C(O)c1ccccc1Nc1cccc(OCc2ccc3ccccc3n2)c1,0
C620,CCCOc1ccccc1-c1nc2n[nH]nc2c(=O)[nH]1,0
C621,CN(C(=O)CCCOc1ccc2[nH]c(=O)ccc2c1)C1CCCCC1,0
C622,CCCCOc1cc(CC2CNC(=O)N2)ccc1OC,0
C623,COc1ccc(CCCOc2cc(CCn3ccnc3)ccc2OC)cc1,0
C624,O=C1CCc2cc(OCCCCc3nnnn3C3CCCCC3)ccc2N1,0
C625,N=C(N)c1ccc(OCCCCCOc2ccc(C(=N)N)cc2)cc1,0
C626,CCC(=C(c1ccccc1)c1ccc(OCCN(C)C)cc1)c1ccccc1,0
C627,CN(CCOc1ccc(CC(Nc2ccccc2C(=O)c2ccccc2)C(=O)O)cc1)c1ccccn1,0
C628,O=C(O)CN(CCOCCOCCN(CC(=O)O)CC(=O)O)CC(=O)O,0
C629,NC(N)=NOCCC(N)C(=O)O,0
C630,O=C(O)C=C1CCCc2ccccc2C1O,0
C631,CC(=O)C1CCC2C3CCC4CC(O)CCC4(C)C3CCC12C,0
C632,CC12CCC(O)CC1CCC1C2CCC2(C)C(C(=O)CO)CCC12,0
C633,CCCCCCC(C(C)O)n1cnc2c(N)ncnc21,0
C634,CNC(C)C(O)c1ccccc1,0
C635,OCC1NCC(O)C1O,0
C636,Nc1c2c(nc3ccccc13)CCCC2O,0
C637,COC(=O)C1C(O)CCC2CN3CCc4c([nH]c5ccccc45)C3CC21,0
C638,O=[N+]([O-])c1cccc2cn[nH]c12,0
C639,N#Cc1cc2[nH]c(=O)c(=O)[nH]c2cc1[N+](=O)[O-],0
C640,CC(=O)C(C)=NO,0
C641,CC(=O)C(C)=O,0
C642,CC(C)C(=O)c1c(C(C)C)nn2ccccc12,0
C643,CN1C(CC(=O)c2ccccc2)CCCC1CC(O)c1ccccc1,0
C644,CCCn1c(C)c(C(=O)c2cccc3ccccc23)c2ccccc21,0
C645,C=CCc1ccc([N+](C)(C)CCC(=O)CC[N+](C)(C)c2ccc(CC=C)cc2)cc1,0
C646,CC(C)N(CCC(=O)c1ccc2ccccc2c1)Cc1ccccc1,0
C647,CN(C)C(=O)N=NC(=O)N(C)C,0
C648,CC(N)=O,0
C649,NC(=O)c1cccc(N)c1,0
C650,NC(=O)c1cc(N2CC2)c([N+](=O)[O-])cc1[N+](=O)[O-],0
C651,NC(=O)c1ccc2[nH]ccc2c1,0
C652,CCCN(CCC)CCc1c[nH]c2ccc(C(N)=O)cc12,0
C653,NCCc1c[nH]c2ccc(C(N)=O)cc12,0
C654,NC(=O)c1ccccc1,0
C655,NC(=O)c1cnccn1,0
C656,NC(=O)CNCCC(c1ccccc1)c1ccccc1,0
C657,NC(=O)N1c2ccccc2C=Cc2ccccc21,0
C658,CCN(CC)C(=O)NC1CC2c3cccc4[nH]cc(c34)CC2N(C)C1,0
C659,CCC(NC(=O)c1c(C)c(-c2ccccc2)nc2ccccc12)c1ccccc1,0
C660,CCC(=O)N1CCN(C(=O)c2ccccc2)CC1,0
C661,CNC(=O)c1cc2c(cn1)[nH]c1ccccc12,0
C662,Cc1cccc(C)c1NC(=O)C(C)N,0
C663,Cc1cccc(C)c1NC(=O)C[N+](C)(C)C,0
C664,CC[N+](CC)(CC)CC(=O)Nc1c(C)cccc1C,0
C665,CCN(CC)CC(=O)Nc1c(C)cccc1C,0
C666,CN1C2CCC1CC(NC(=O)c1nn(C)c3ccccc13)C2,0
C667,CCCNC(C)C(=O)Nc1ccccc1C,0
C668,CC(N)C1CCC(C(=O)Nc2ccncc2)CC1,0
C669,CCN(CC)CCNC(=O)c1ccc(N)cc1,0
C670,CCN(CC)CCNC(=O)c1ccc(NC(C)=O)cc1,0
C671,Cc1cccc(C(=O)NCN2CCN(c3ccccc3C#N)CC2)c1,0
C672,CC(C)NNC(=O)c1ccncc1,0
C673,O=C(CCNNC(=O)c1ccncc1)NCc1ccccc1,0
C674,NC(=O)NO,0
C675,CC=C1C(=O)CC2C3CCC4=CC(=O)CCC4(C)C3CCC12C,0
C676,Cc1cc(C)c(C=C2C(=O)Nc3ccccc32)[nH]1,0
C677,CC(=O)C1CCC2C3CCC4CC(O)CCC4(C)C3C(=O)CC12C,0
C678,CC1=C(C)C(=O)C(CCCCC#CCCCC#CCO)=C(C)C1=O,0
C679,CN(N=O)c1ccc(O)c(O)c1,0
C680,O=C(O)c1cc(=O)cc(C(=O)O)[nH]1,0
C681,O=C(O)c1cc(=O)c2ccccc2[nH]1,0
C682,CC12C=CC(=O)C=C1CCC1C2=CCC2(C)C(C(=O)CN3CCN(c4cc(N5CCCC5)nc(N5CCCC5)n4)CC3)CCC12,0
C683,O=C1C=CC(=O)C=C1,0
C684,CN(N=O)c1cc(O)ccc1O,0
C685,O=C1c2ccccc2-c2n[nH]c3cccc1c23,0
C686,CCn1cc(C(=O)O)c(=O)c2ccc(C)nc21,0
C687,CC12CCC3C(CCC4CC(O)CCC43C)C1CCC2=O,0
C688,CC(C(=O)O)c1ccc(CC2CCCC2=O)cc1,0
C689,CC12CCC(=O)C=C1CCC1C2C(O)CC2(C)C(C(=O)CO)CCC12,0
C690,CC(=O)C1CCC2C3CCC4=CC(=O)CCC4(C)C3CCC12C,0
C691,O=C(O)CCC(C(=O)O)N1C(=O)c2ccccc2C1=O,0
C692,CN1C(=O)CCC1c1cccnc1,0
C693,Cn1c(=O)c2[nH]c(-c3ccccc3)nc2n(C)c1=O,0
C694,Cn1c(=O)c2[nH]c(C3CCCC3)nc2n(C)c1=O,0
C695,COCc1nc2c([nH]1)c(=O)n(C)c(=O)n2CC(C)C,0
C696,CC(C)Cn1c(=O)n(C)c(=O)c2[nH]cnc21,0
C697,NC(=O)CN1CC(O)CC1=O,0
C698,Cc1ccc(=O)n(-c2ccccc2)c1,0
C699,O=C1N(c2ccccc2)c2ccccc2C1(Cc1ccncc1)Cc1ccncc1,0
C700,CCN1C(=O)C=CC1=O,0
C701,C#CCn1c(=O)c2c(ncn2C)n(C)c1=O,0
C702,C#Cc1ccc2c(c1)C(=O)N(C)Cc1c(C(=O)OCCCOC(=O)c3ncn4c3CN(C)C(=O)c3cc(C#C)ccc3-4)ncn1-2,0
C703,CCCn1c(=O)c2[nH]c(C3CCCC3)nc2n(CCC)c1=O,0
C704,CCCn1c(=O)c2c(ncn2C)n(CCC)c1=O,0
C705,C[N+](C)(CCCCCC[N+](C)(C)CCCN1C(=O)c2cccc3cccc(c23)C1=O)CCCN1C(=O)c2cccc3cccc(c23)C1=O,0
C706,NC(=O)CN1CCCC1=O,0
C707,C[N+](C)(C)CC#CCN1CCCC1=O,0
C708,CC(=O)CCCCn1c(=O)c2c(ncn2C)n(C)c1=O,0
C709,CCCn1cnc2c1c(=O)n(CCCCC(C)=O)c(=O)n2C,0
C710,CC(C)COC(=O)OCN1C(=O)CN(CCN2CC(=O)N(COC(=O)OCC(C)C)C(=O)C2)CC1=O,0
C711,CCCCC1C(=O)N(c2ccccc2)N(c2ccccc2)C1=O,0
C712,NC1CCN(O)C1=O,0
C713,CC(C)(C)NC(=O)C1CCC2C3CCC4NC(=O)C=CC4(C)C3CCC12C,0
C714,Nc1cc(=O)[nH]c(N)n1,0
C715,Nc1nc2[nH]c(=O)cnc2c(=O)[nH]1,0
C716,CC(O)C(O)C1CNc2nc(N)[nH]c(=O)c2N1,0
C717,CC(O)C(=O)C1=Nc2c(nc(N)[nH]c2=O)NC1,0
C718,Nc1nc2c(ncn2COC(CO)CO)c(=O)[nH]1,0
C719,Nc1nc2c(ncn2COCCO)c(=O)[nH]1,0
C720,O=Nc1c(-c2c(O)[nH]c3ccccc23)[nH]c2ccccc12,0
C721,O=c1[nH]cnc2[nH]ncc12,0
C722,O=C(C1CCCCC1)N1CC(=O)N2CCc3ccccc3C2C1,0
C723,O=c1c2ccccc2nc2n1CCc1c-2[nH]c2ccccc12,0
C724,Nc1ccc2c3c(cccc13)C(=O)NC2=O,0
C725,O=C1CCC(N2C(=O)c3ccccc3C2=O)C(=O)N1,0
C726,CCC1(c2ccc(N)cc2)CCC(=O)NC1=O,0
C727,NC(Cn1ccc(=O)[nH]c1=O)C(=O)O,0
C728,CCCn1c(=O)[nH]c(=O)c2[nH]cnc21,0
C729,O=C1NC(=O)C(c2ccccc2)(c2ccccc2)N1,0
C730,O=c1[nH]c(=O)c2nc3ccccc3nc2[nH]1,0
C731,Cc1[nH]c(=O)c(C#N)cc1-c1ccc2nccn2c1,0
C732,Cc1[nH]c(=O)c(C#N)cc1-c1ccncc1,0
C733,O=c1[nH]c2ccccc2c2ccccc12,0
C734,CCCN(CCC)CCc1cccc2c1CC(=O)N2,0
C735,CCCCN1CCC(n2c(=O)[nH]c3ccccc32)CC1,0
C736,O=c1[nH]c2cc([N+](=O)[O-])c([N+](=O)[O-])cc2[nH]c1=O,0
C737,CN1CCN(CC(=O)N2c3ccccc3C(=O)Nc3cccnc32)CC1,0
C738,CCC1(c2ccccc2)C(=O)NCNC1=O,0
C739,CN=C(NC#N)Nc1ccc(C2=NNC(=O)CC2C)cc1,0
C740,O=C1CCC(c2ccc(-n3ccnc3)cc2)=NN1,0
C741,CCC(C)C(=O)OC1CCC=C2C=CC(C)C(CCC3CC(O)CC(=O)O3)C21,0
C742,COc1ccc2c(c1OC)C(=O)OC2C1c2c(cc3c(c2OC)OCO3)CCN1C,0
C743,COc1ccc2c(c1OC)C(=O)OC2C1c2cc3c(cc2CCN1C)OCO3,0
C744,C[N+]1(C)CCc2cc3c(cc2C1C1OC(=O)c2c1ccc1c2OCO1)OCO3,0
C745,Nc1ccn(C2CCC(CO)O2)c(=O)n1,0
C746,CC1OCC(C[N+](C)(C)C)O1,0
C747,CCCC1OC2CC3C4CCC5=CC(=O)C=CC5(C)C4C(O)CC3(C)C2(C(=O)CO)O1,0
C748,C=CCN1CCC23c4c5ccc(O)c4OC2C(=NNC(=O)c2ccccc2)CCC3(O)C1C5,0
C749,CCCC[N+]1(C)C2CC(OC(=O)C(CO)c3ccccc3)CC1C1OC12,0
C750,CC(=O)OC1C(=O)C2(C)C(O)CC3OCC3(OC(C)=O)C2C(OC(=O)c2ccccc2)C2(O)CC(OC(=O)C(O)C(NC(=O)c3ccccc3)c3ccccc3)C(C)=C1C2(C)C,0
C751,C=CCN1CCC23c4c5ccc(O)c4OC2C(=O)CCC3(O)C1C5,0
C752,O=C(O)C1C2CCC(O2)C1C(=O)O,0
C753,CC(C)CC(NC(=O)C1OC1C(=O)O)C(=O)NCCCCN=C(N)N,0
C754,CNC(=O)C1OC(n2cnc3c(N)ncnc32)C(O)C1O,0
C755,CNC(=O)C1OC(n2cnc3c(NCc4ccc(N)cc4)ncnc32)C(O)C1O,0
C756,CCNC(=O)C1OC(n2cnc3c(N)nc(NCCc4ccc(CCC(=O)O)cc4)nc32)C(O)C1O,0
C757,CCNC(=O)C1OC(n2cnc3c(N)ncnc32)C(O)C1O,0
C758,CCCCC#Cc1nc(N)c2ncn(C3OC(C(=O)NCC)C(O)C3O)c2n1,0
C759,CC(=O)C1(O)Cc2c(O)c3c(c(O)c2C(OC2CC(N)C(O)C(C)O2)C1)C(=O)c1ccccc1C3=O,0
C760,CC1OC(C[N+](C)(C)C)CC1O,0
C761,CNc1ccc2oc(CC3OC4(CCC3C)OC(C(C)C(=O)c3ccc[nH]3)C(C)CC4C)nc2c1C(=O)O,0
C762,NCC1OC(OC2C(CO)OC(OC3C(O)C(N)CC(N)C3OC3OC(CO)C(O)C(O)C3N)C2O)C(N)C(O)C1O,0
C763,Cc1cn(C2CC(N=[N+]=[N-])C(CO)O2)c(=O)[nH]c1=O,0
C764,Nc1ncn(C2OC(CO)C(O)C2O)c(=O)n1,0
C765,Nc1nccc2c1ncn2C1OC(CO)C(O)C1O,0
C766,Nc1nc(Nc2ccccc2)nc2c1ncn2C1OC(CO)C(O)C1O,0
C767,Nc1ncnc2c1ncn2C1OC(CO)C(O)C1O,0
C768,CC(Cc1ccccc1)Nc1ncnc2c1ncn2C1OC(CO)C(O)C1O,0
C769,OCC1OC(n2cnc3c(NC4CC5CCC4C5)ncnc32)C(O)C1O,0
C770,OCC1OC(n2cnc3c(NC4CCCC4O)ncnc32)C(O)C1O,0
C771,CNc1ncnc2c1ncn2C1OC(CO)C(O)C1O,0
C772,OCC1OC(n2cnc3c(NC4CCCC4)ncnc32)C(O)C1O,0
C773,OCC1OC(n2cnc3c(NC4CCCCC4)ncnc32)C(O)C1O,0
C774,Cc1ccccc1CNc1ncnc2c1ncn2C1OC(CO)C(O)C1O,0
C775,Nc1ccc(CCNc2ncnc3c2ncn3C2OC(CO)C(O)C2O)cc1,0
C776,OCC1OC(n2cnc3c(NCCc4ccccc4)ncnc32)C(O)C1O,0
C777,NC(=O)c1ncn(C2OC(CO)C(O)C2O)c1O,0
C778,C=CCN1CCC23c4c5ccc(O)c4OC2C(=NN=C2CCC4(O)C6Cc7ccc(O)c8c7C4(CCN6CC=C)C2O8)CCC3(O)C1C5,0
C779,CN(C)CCCOC1C(C(O)CO)OC2OC(C)(C)OC21,0
C780,COc1ccc2c3c1OC1C(=O)CCC4(O)C(C2)N(CC2CC2)CCC314,0
C781,CC1(C(=O)O)C2CCC(O2)C1(C)C(=O)O,0
C782,O=c1cc(O)cc(C=Cc2ccc(O)c(O)c2)o1,0
C783,O=C1OC(=O)C2C3CCC(O3)C12,0
C784,CC12C(=O)OC(=O)C1(C)C1CCC2O1,0
C785,O=C(O)CCc1nc(-c2ccccc2)c(-c2ccccc2)o1,0
C786,O=C1CN(N=Cc2ccc(-c3ccc([N+](=O)[O-])cc3)o2)C(=O)N1,0
C787,OCc1ccc(-c2nn(Cc3ccccc3)c3ccccc23)o1,0
C788,CC1OC(OC2CC(O)C3(CO)C4C(O)CC5(C)C(C6COC(=O)C6)CCC5(O)C4CCC3(O)C2)C(O)C(O)C1O,0
C789,COc1cc(C2c3cc4c(cc3C(OC3OC5COC(C)OC5C(O)C3O)C3COC(=O)C23)OCO4)cc(OC)c1O,0
C790,CCC1C(=O)OCC1Cc1cncn1C,0
C791,COc1cc(C2c3cc4c(cc3C(O)C3COC(=O)C23)OCO4)cc(OC)c1OC,0
C792,O=c1c(-c2ccc(O)cc2)coc2cc(O)ccc12,0
C793,C=CC1(C)CC(=O)C2(O)C(C)(O1)C(OC(C)=O)C(O)C1C(C)(C)CCC(O)C12C,0
C794,CC1(C)CCC2=C(O1)c1ccccc1C(=O)C2=O,0
C795,CCCN1CCOC2c3cc(O)ccc3OCC21,0
C796,O=c1c(O)c(-c2ccc(O)cc2O)oc2cc(O)cc(O)c12,0
C797,O=c1cc(-c2ccc(O)cc2)oc2cc(O)cc(O)c12,0
C798,CC(=O)c1c(O)c(C)c(O)c(Cc2c(O)c3c(c(C(=O)C=Cc4ccccc4)c2O)OC(C)(C)C=C3)c1O,0
C799,O=c1ccc2ccc(O)c(O)c2o1,0
C800,CN1CCC2(CCN3CCc4c(oc5ccccc45)C3C2)N(C)C1=O,0
C801,O=C(O)c1cc2cc(Cc3cccnc3)ccc2o1,0
C802,O=Nc1ccc2oc(=O)ccc2c1,0
C803,CCC1(C2=NCCN2)Cc2ccccc2O1,0
C804,CCOC(=O)C12CC1C(=NO)c1ccccc1O2,0
C805,COc1cccc(-c2cc(=O)c3ccccc3o2)c1N,0
C806,CC(C)[N+](C)(CCOC(=O)C1c2ccccc2Oc2ccccc21)C(C)C,0
C807,CCn1ccnc1CC1COc2ccccc2O1,0
C808,O=C1NCN(c2ccccc2)C12CCN(CC1COc3ccccc3O1)CC2,0
C809,COc1cccc(OC)c1OCCNCC1COc2ccccc2O1,0
C810,COc1ccc2c(c[n+](C)c3c4cc5c(cc4ccc23)OCO5)c1OC,0
C811,CC1=NN=C(c2ccc(N)cc2)c2cc3c(cc2C1)OCO3,0
C812,CCn1cc(C(=O)O)c(=O)c2cc3c(cc21)OCO3,0
C813,CCn1nc(C(=O)O)c(=O)c2cc3c(cc21)OCO3,0
C814,COC1(C2=NCCN2)COc2ccccc2O1,0
C815,c1ccc2c(c1)CC(N1CCN(c3cccc4c3OCCO4)CC1)C2,0
C816,C[n+]1cc2c3c(ccc2c2ccc4cc5c(cc4c21)OCO5)OCO3,0
C817,CCN1CCc2nc(N)oc2CC1,0
C818,CC1OC(OC2CC(O)C3(CO)C4C(O)CC5(C)C(C6=CC(=O)OC6)CCC5(O)C4CCC3(O)C2)C(O)C(O)C1O,0
C819,C[N+]1(C)CCOC(O)(c2ccc(-c3ccc(C4(O)C[N+](C)(C)CCO4)cc3)cc2)C1,0
C820,CCC1(O)C(=O)OCc2c1cc1n(c2=O)Cc2cc3ccccc3nc2-1,0
C821,CN(C)CCC=C1c2ccccc2COc2ccccc21,0
C822,COc1cc2nc(N3CCN(C(=O)C4CCCO4)CC3)nc(N)c2cc1OC,0
C823,Nc1ncnc2c1ncn2C1CCCO1,0
C824,CCc1cccc2c3c([nH]c12)C(CC)(CC(=O)O)OCC3,0
C825,Cc1nc2c([nH]1)c(=O)n(C)c(=O)n2Cc1ccco1,0
C826,C1CCC(N=C(NC23CC4CC(CC(C4)C2)C3)N2CCOCC2)CC1,0
C827,O=C(NCCNCC(O)COc1ccc(O)cc1)N1CCOCC1,0
C828,CCc1c(C)[nH]c2c1C(=O)C(CN1CCOCC1)CC2,0
C829,C1COC(NC(C2CC2)C2CC2)=N1,0
C830,O=C(c1ccc2c(c1)OCCO2)N1CCCCC1,0
C831,NC(Cn1oc(=O)[nH]c1=O)C(=O)O,0
C832,CCOC([O-])=Nc1c[n+](N2CCOCC2)no1,0
C833,O=c1onc2cnc3ccccc3n12,0
C834,Cc1o[nH]c(=O)c1CC(N)C(=O)O,0
C835,CC(C)(C)c1o[nH]c(=O)c1CC(N)C(=O)O,0
C836,NC(C(=O)O)c1cc(=O)[nH]o1,0
C837,Cc1nc(-c2ccc(-c3ccc(C(=O)N4CCc5cc6c(cc54)C4(CCN(C)CC4)CO6)cc3)c(C)c2)no1,0
C838,COc1ccc(NC(=O)c2ccc(-c3ccc(-c4noc(C)n4)cc3C)cc2)cc1N1CCN(C)CC1,0
C839,CC(C)CC(NC(=O)C(O)C(N)Cc1ccccc1)C(=O)O,0
C840,NC(C(=O)O)C1CC1C(=O)O,0
C841,O=C(O)C1CCCNC1C(=O)O,0
C842,O=C(O)C1CCCNC1,0
C843,C=C(C)C1CNC(C(=O)O)C1CC(=O)O,0
C844,CC(C)C1CNC(C(=O)O)C1CC(=O)O,0
C845,CC(C(=O)O)c1cccc(C(=O)c2ccccc2)c1,0
C846,NC(C(=O)O)C(O)C(=O)O,0
C847,C=CCC(N)C(=O)O,0
C848,CN(C)C(N)=NCCCC(N)C(=O)O,0
C849,NC(=NCCCC(N)C(=O)O)N[N+](=O)[O-],0
C850,NC(=NCCCC(N)C(=O)O)NO,0
C851,CC(N)=NCCCCC(N)C(=O)O,0
C852,Cc1cc(Cn2cnc3c2CC(C(=O)O)N(C(=O)C(c2ccccc2)c2ccccc2)C3)ccc1N,0
C853,O=C(O)CCC(=O)N1CCCC1C(=O)O,0
C854,O=C(O)C1CC(C(=O)O)N1,0
C855,O=C(O)C1CCN1,0
C856,CC(C=CC1=C(C)CCCC1(C)C)=CC=CC(C)=CC(=O)O,0
C857,NC(=O)C(=O)O,0
C858,Cc1cc(C)c(NC(=O)CC(CC(=O)O)c2cccc3ccccc23)c(C(=O)N2CCC3(CCCC3)CC2)c1,0
C859,CNC(CC(=O)O)C(=O)O,0
C860,C=C(C)C1CC=C(C(=O)O)CC1,0
C861,NC1(C(=O)O)CCC(C(=O)O)C1,0
C862,NC1(C(=O)O)CCc2cc(C(=O)O)ccc21,0
C863,O=C(O)c1cc([N+](=O)[O-])ccc1NCCCc1ccccc1,0
C864,CCCCCCCCc1ccc(-c2ccc(C(=O)O)cc2)cc1,0
C865,CC(=Cc1ccc(C(=O)O)cc1)c1ccc2c(c1)C(C)(C)CCC2(C)C,0
C866,CC(N)(C(=O)O)c1ccc(C(=O)O)cc1,0
C867,O=C(O)CCC(NC(=O)c1ccccc1C(=O)O)C(=O)O,0
C868,O=C(O)c1ccccc1Nc1ccccc1,0
C869,O=C(O)C1CCNCC1,0
C870,CCCCc1ccc(C(=O)O)nc1,0
C871,NC(N)=NC(CCC(=O)O)C(=O)O,0
C872,CN(Cc1cnc2nc(N)nc(N)c2n1)c1ccc(C(=O)NC(CCC(=O)O)C(=O)O)cc1,0
C873,Nc1nc(N)c2nc(CNc3ccc(C(=O)NC(CCC(=O)O)C(=O)O)cc3)cnc2n1,0
C874,CC1(C)CCC(NC(=O)C(N)CCC(=O)O)CC1,0
C875,C#CC(N)CCC(=O)O,0
C876,C=CC(N)CCC(=O)O,0
C877,CCCN(CCC)C(=O)C(CCC(=O)O)NC(=O)c1ccccc1,0
C878,O=C(O)CC[N+](=O)[O-],0
C879,NCC1(CC(=O)O)CCCCC1,0
C880,NC(CCCC(=O)O)C(=O)O,0
C881,CCCCCC(O)CCCC(=O)O,0
C882,CCCCCCCCCCCC=CC(C)(C)C=CCCCC(=O)O,0
C883,O=C(O)CCCCCCCC(=O)O,0
C884,NCCCCCC(=O)O,0
C885,NCCCC(=O)O,0
C886,O=C(O)CN(CCN(CC(=O)O)CC(=O)O)CCN(CC(=O)O)CC(=O)O,0
C887,CCCCCC=CCC=CCC=CCC=CCCCC(=O)NCC(=O)O,0
C888,CC(C)(C(=O)O)c1ccc(C(O)CCCN2CCC(C(O)(c3ccccc3)c3ccccc3)CC2)cc1,0
C889,CC(C)(C)c1ccc(C(O)CCCN2CCC(C(O)(c3ccccc3)c3ccccc3)CC2)cc1,0
C890,CCN(Cc1ccncc1)C(=O)C(CO)c1ccccc1,0
C891,CCCCCC(CC(=O)NO)C(=O)NC(C(=O)N1CCCC1CO)C(C)C,0
C892,CCCCCCCCCCCCCC=CC(O)C(N)CO,0
C893,CCCCCCCCCCCCCCCC(O)C(N)CO,0
C894,CCC(CO)NC(=O)C1C=C2c3cccc4c3c(cn4C)CC2N(C)C1,0
C895,CCC(CO)Nc1nc(NCc2ccccc2)c2ncn(C(C)C)c2n1,0
C896,CC12CCC(=O)C=C1CCC1C2C(=O)CC2(C)C1CCC2(O)C(=O)CO,0
C897,CC12CCC(=O)C=C1CCC1C2C(O)CC2(C)C1CCC2(O)C(=O)CO,0
C898,CC12CCC(=O)C=C1CCC1C2C(O)CC2(C)C1CCC2(O)C(=O)COC(=O)CCC(=O)O,0
C899,CC(=O)C1(O)CCC2C3CCC4=CC(=O)CCC4(C)C3CCC21C,0
C900,CC(=O)OCC(=O)C1(O)CCC2C3CCC4=CC(=O)CCC4(C)C3C(=O)CC21C,0
C901,CC#CC1(O)CCC2C3CCC4=CC(=O)CCC4=C3C(c3ccc(N(C)C)cc3)CC21C,0
C902,C#CC1(O)CCC2C3CCC4=Cc5nc6nc7ccccc7n6cc5CC4(C)C3CCC21C,0
C903,CC(C)(C)C1(O)CCN2CC3c4ccccc4CCc4cccc(c43)C2C1,0
C904,CC12CCC3C(CCC4=C(O)C(=O)CCC43C)C1CCC2=O,0
C905,CCN1CC2(C)CCC(O)C34C5CC6C(OC)CC(O)(C(CC23)C14)C5C6O,0
C906,CN1CCc2cccc3c2C1Cc1ccc(O)c(O)c1-3,0
C907,CCCN1CCc2cccc3c2C1Cc1ccc(O)c(O)c1-3,0
C908,O=[N+]([O-])c1cc(O)c(O)c([N+](=O)[O-])c1,0
C909,Cc1cc(C(C)(C)C)c(O)c(C)c1CC1=NCCN1,0
C910,CC(C)(C)c1cc(C=C(C#N)C#N)cc(C(C)(C)C)c1O,0
C911,CC(C)(C=O)Cc1cc(C(C)(C)C)c(O)c(C(C)(C)C)c1,0
C912,CC(C)(CO)Cc1cc(C(C)(C)C)c(O)c(C(C)(C)C)c1,0
C913,CC(C)c1cccc(C(C)C)c1O,0
C914,N#CC(=Cc1cc(O)c(O)c(O)c1)C(N)=C(C#N)C#N,0
C915,N#CC(C#N)=Cc1cc(O)c(O)c(O)c1,0
C916,O=C1c2c(O)ccc(O)c2C(=O)c2c(NCCNCCO)ccc(NCCNCCO)c21,0
C917,O=c1[nH]ccc2c(O)cccc12,0
C918,CCCN(CCc1ccccc1)C1CCc2c(O)cccc2C1,0
C919,CC[N+](C)(C)c1cccc(O)c1,0
C920,NC(C(=O)O)c1cc(O)cc(O)c1,0
C921,CC(C)(C)NCC(O)c1cc(O)cc(O)c1,0
C922,CC(C)NCC(O)c1cc(O)cc(O)c1,0
C923,CCCN1CCCC(c2cccc(O)c2)C1,0
C924,CNCC(O)c1cccc(O)c1,0
C925,CCCCCCC(C)(C)c1ccc(C2CC(O)CCC2CCCO)c(O)c1,0
C926,N#CC(C#N)=Cc1ccc([N+](=O)[O-])c(O)c1,0
C927,NCC(O)c1ccc(O)c(O)c1,0
C928,CC(N)C(O)c1ccc(O)c(O)c1,0
C929,CCC(NC(C)C)C(O)c1ccc(O)c(O)c1,0
C930,CC(NC(=O)C(C#N)=Cc1ccc(O)c(O)c1)c1ccccc1,0
C931,N#CC(=Cc1ccc(O)c(O)c1)C(=O)N1CCc2ccccc21,0
C932,N#CC(=Cc1ccc(O)c(O)c1)C(=O)Nc1ccccc1,0
C933,N#CC(=Cc1ccc(O)c(O)c1)C(=O)NCc1ccccc1,0
C934,N#CC(=Cc1ccc(O)c(O)c1)C(=O)NCCc1ccccc1,0
C935,N#CC(=Cc1ccc(O)c(O)c1)C(=O)NCCCc1ccccc1,0
C936,N#CC(=Cc1ccc(O)c(O)c1)C(=O)NCCCNC(=O)C(C#N)=Cc1ccc(O)c(O)c1,0
C937,N#CC(=Cc1c[nH]c2ccccc12)C(=O)c1ccc(O)c(O)c1,0
C938,N#CC(=Cc1ccc(O)c(O)c1)C(=O)c1ccc(O)c(O)c1,0
C939,CC(N)(Cc1ccc(O)c(O)c1)C(=O)O,0
C940,NC(Cc1ccc(O)c(O)c1)C(=O)O,0
C941,COC(=O)C(N)Cc1ccc(O)c(O)c1,0
C942,N#CC(C#N)=Cc1ccc(O)c(O)c1,0
C943,CC(Cc1ccc(O)c(O)c1)(NN)C(=O)O,0
C944,O=C(O)Cc1ccc(O)c(O)c1,0
C945,CC(CCc1ccc(O)cc1)NCCc1ccc(O)c(O)c1,0
C946,CNCCc1ccc(O)c(O)c1,0
C947,CC(=O)NCCc1ccc(O)c(O)c1,0
C948,CCCCCCCCC=CCCCCCCCC(=O)NCCc1ccc(O)c(O)c1,0
C949,NC(Cc1cc(O)c(O)cc1O)C(=O)O,0
C950,O=C(CCc1ccc(O)cc1)c1c(O)cc(O)cc1O,0
C951,O=C(C=Cc1ccc(O)cc1)c1ccc(O)cc1O,0
C952,Cc1[nH]c2ccc(O)cc2c1CCN,0
C953,NC(Cc1c[nH]c2ccc(O)cc12)C(=O)O,0
C954,CC(N)Cc1c[nH]c2ccc(O)cc12,0
C955,CN1CCC(c2c[nH]c3ccc(O)cc23)CC1,0
C956,O=C(O)Cc1c[nH]c2ccc(O)cc12,0
C957,CC(=O)NCCc1c[nH]c2ccc(O)cc12,0
C958,CNCCc1c[nH]c2ccc(O)cc12,0
C959,C=CCN1CCC2(C)c3cc(O)ccc3CC1C2C,0
C960,CC1C2Cc3ccc(O)cc3C1(C)CCN2CC1CC1,0
C961,C=CCN1CCc2cc(O)c(O)cc2C(c2ccccc2)C1,0
C962,CN1CCC2(C)c3cc(O)ccc3N(C)C12,0
C963,CN1CCC23CCCCC2C1Cc1ccc(O)cc13,0
C964,C=CCN1CCC23CCCCC2C1Cc1ccc(O)cc13,0
C965,CC12CCC3c4ccc(O)cc4CCC3C1CCC2=O,0
C966,CC(CN1CCC(Cc2ccccc2)CC1)C(O)c1ccc(O)cc1,0
C967,CC(CCc1ccccc1)NC(C)C(O)c1ccc(O)cc1,0
C968,CC(C(O)c1ccc(O)cc1)N1CCC(Cc2ccccc2)CC1,0
C969,CNCC(O)c1ccc(O)cc1,0
C970,N#CC(=Cc1ccc(O)cc1)C(N)=C(C#N)C#N,0
C971,NNC(=O)c1ccc(O)cc1,0
C972,CCCc1c(-c2ccc(O)cc2)nn(-c2ccc(O)cc2)c1-c1ccc(O)cc1,0
C973,CC(N)(Cc1ccc(O)cc1)C(=O)O,0
C974,COC(=O)C(C)(N)Cc1ccc(O)cc1,0
C975,CC(NCCc1ccc(O)cc1)C(O)c1ccc(O)cc1,0
C976,CC(CCc1ccccc1)NCC(O)c1ccc(O)c(C(N)=O)c1,0
C977,O=C(O)C1=CC(=C(c2ccc(O)c(C(=O)O)c2)c2ccc(O)c(C(=O)O)c2)C=CC1=O,0
C978,CC(C)(C)NCC(O)c1ccc(O)c(CO)c1,0
C979,CC(C=CC1=C(C)CCCC1(C)C)=CC=CC(C)=CC(=O)Nc1ccc(O)cc1,0
C980,Oc1ccc(O)cc1,0
C981,O=C1NC(c2cccc([N+](=O)[O-])c2)=CCN1c1ccccc1O,0
C982,Oc1ccccc1O,0
C983,C[N+](C)(C)CCO,0
C984,CCCCCC=CCC(O)C=Cc1cccc(CC(O)CCCCO)n1,0
C985,OCCN(CCO)c1nc(N2CCCCC2)c2nc(N(CCO)CCO)nc(N3CCCCC3)c2n1,0
C986,CCCCCCCCC=CCCCCCCCC(=O)NCCO,0
C987,CCCCCCCCCCCCCCCC(=O)NCCO,0
C988,Cn1cnc2c(NCc3ccccc3)nc(NCCO)nc21,0
C989,N=c1nc(N2CCCCC2)cc(N)n1O,0
C990,CP(=O)(O)C1=CCNCC1,0
C991,CP(=O)(O)CCCN,0
C992,CC1OC1P(=O)(O)O,0
C993,NC(CP(=O)(O)O)C(=O)O,0
C994,O=C(O)CP(=O)(O)O,0
C995,NC(CCP(=O)(O)O)C(=O)O,0
C996,NC(Cc1cccc(-c2ccccc2CP(=O)(O)O)c1)C(=O)O,0
C997,CC(C)(CCP(=O)(O)O)C(=O)O,0
C998,NC(CCCP(=O)(O)O)C(=O)O,0
C999,NC(CCCCCP(=O)(O)O)C(=O)O,0
C1000,NCCCP(=O)(O)O,0
C1001,O=C(O)C1CN(CCCP(=O)(O)O)CCN1,0
C1002,CC(C)(C)c1onc(OCP(=O)(O)O)c1CC(N)C(=O)O,0
C1003,CNc1ncnc2c1ncn2C1CC(OP(=O)(O)O)C(COP(=O)(O)O)O1,0
C1004,CC(C)CC(NP(=O)(O)OC1OC(C)C(O)C(O)C1O)C(=O)NC(Cc1c[nH]c2ccccc12)C(=O)O,0
C1005,NC(COP(=O)(O)O)C(=O)O,0
C1006,NC(=O)C1=CN(C2OC(COP(=O)(O)OP(=O)(O)OCC3OC(n4cnc5c(N)ncnc54)C(OP(=O)(O)O)C3O)C(O)C2O)C=CC1,0
C1007,C[N+](C)(C)CCOP(=O)(O)OP(=O)([O-])OCC1OC(n2ccc(N)nc2=O)C(O)C1O,0
C1008,O=c1ccn(C2OC(COP(=O)(O)OP(=O)(O)O)C(O)C2O)c(=O)[nH]1,0
C1009,Nc1ncnc2c1ncn2C1OC(COP(=O)(O)CP(=O)(O)OP(=O)(O)O)C(O)C1O,0
C1010,Nc1ncnc2c1ncn2C1OC(COP(=O)(O)OP(=O)(O)OP(=O)(O)OP(=O)(O)OCC2OC(n3cnc4c(N)ncnc43)C(O)C2O)C(O)C1O,0
C1011,CCCCCCCCCCCCCCCCCCOCC(COP(=O)([O-])OCC[N+](C)(C)C)OC,0
C1012,CCCCCCCCCCCCCCCC(=O)NCC(COP(=O)([O-])OCC[N+](C)(C)C)OCC,0
C1013,CCCCCCCCCCCCCCCCCC(=O)NCC(COP(=O)([O-])OCC[N+](C)(C)C)OCC,0
C1014,Cc1nc(N=Nc2ccc(C(=O)O)cc2)c(COP(=O)(O)O)c(C=O)c1O,0
C1015,CC(C)NP(=O)(NC(C)C)OP(=O)(NC(C)C)NC(C)C,0
C1016,Nc1ncnc2c1ncn2C1OC2COP(=O)(O)OC2C1O,0
C1017,N#CC(=C(N)Sc1ccccc1N)C(C#N)=C(N)Sc1ccccc1N,0
C1018,CSC(N)=NCCCC(N)C(=O)O,0
C1019,CC(C)(C)c1ccc(S(=O)(=O)C=CC#N)cc1,0
C1020,CCN(CC)CCNC(=O)c1cc(S(C)(=O)=O)ccc1OC,0
C1021,CC1=C(CC(=O)O)c2cc(F)ccc2C1=Cc1ccc(S(C)(=O)=O)cc1,0
C1022,Cc1ccccc1N1CCN(S(=O)(=O)CC23CCC(CC2NC(=O)C(N)CCS(C)(=O)=O)C3(C)C)CC1,0
C1023,CN(C)S(=O)(=O)c1ccc2c(c1)C(=Cc1cc3c([nH]1)CCCC3)C(=O)N2,0
C1024,NS(=O)(=O)C#Cc1ccccc1,0
C1025,NS(=O)(=O)c1cccc2c1c([N+](=O)[O-])cc1[nH]c(=O)c(=O)[nH]c12,0
C1026,CCCCNc1cc(C(=O)O)cc(S(N)(=O)=O)c1Oc1ccccc1,0
C1027,CN1CC(NS(=O)(=O)N(C)C)CC2c3cccc4c3c(cn4C)CC21,0
C1028,CC1CN(S(=O)(=O)c2cccc3cnccc23)CCN1,0
C1029,CC1CCN(CCC2CCCN2S(=O)(=O)c2cccc(O)c2)CC1,0
C1030,CC1CNCCN1S(=O)(=O)c1cccc2cnccc12,0
C1031,O=S(=O)(c1cccc2cnccc12)N1CCNCC1,0
C1032,CC(=O)c1ccc(S(=O)(=O)NC(=O)NC2CCCCC2)cc1,0
C1033,Cc1cnc(C(=O)NCCc2ccc(S(=O)(=O)NC(=O)NC3CCCCC3)cc2)cn1,0
C1034,CCCCNC(=O)NS(=O)(=O)c1ccc(C)cc1,0
C1035,Cc1ccc(S(=O)(=O)NC(=O)NN2CCCCCC2)cc1,0
C1036,CCS(=O)(=O)Nc1cccc(C(=C2CCCCC2)c2cnc[nH]2)c1,0
C1037,COc1cc(NS(C)(=O)=O)ccc1Nc1c2ccccc2nc2ccccc12,0
C1038,CS(=O)(=O)Nc1ccc([N+](=O)[O-])cc1Oc1ccccc1,0
C1039,CC(C)NCC(O)c1ccc(NS(C)(=O)=O)cc1,0
C1040,Nc1ccc(S(=O)(=O)Nc2ccnn2-c2ccccc2)cc1,0
C1041,CNc1cc(NS(=O)(=O)c2ccc(N)cc2)nc(NC)n1,0
C1042,Cn1cc(C(=O)OCC2CCN(CCNS(C)(=O)=O)CC2)c2ccccc21,0
C1043,COc1[nH]c2ccc(F)cc2c1C(=O)OCC1CCN(CCNS(C)(=O)=O)CC1,0
C1044,CNCCNS(=O)(=O)c1cccc2cnccc12,0
C1045,CC1=C(CC(=O)O)c2cc(F)ccc2C1=Cc1ccc([S+](C)[O-])cc1,0
C1046,Cc1c(OCC(F)(F)F)ccnc1C[S+]([O-])c1nc2ccccc2[nH]1,0
C1047,CC12CCC3c4ccc(O)cc4CC(CCCCCCCCC[S+]([O-])CCCC(F)(F)C(F)(F)F)C3C1CCC2O,0
C1048,CC(=O)SC1CC2=CC(=O)CCC2(C)C2CCC3(C)C(CCC34CCC(=O)O4)C12,0
C1049,CC(=O)SCC[N+](C)(C)C,0
C1050,CCCOC(=O)c1c(-c2ccccc2)nc(CC)c(C(=O)SCC)c1CCC,0
C1051,CC(C)(Sc1ccc(CCN(CCCCC2CCCCC2)C(=O)NC2CCCCC2)cc1)C(=O)O,0
C1052,CSC(=N)N,0
C1053,CSc1ccc(C(=O)c2[nH]c(=O)[nH]c2C)cc1,0
C1054,CSc1nc(N)c2ncn(C3OC(COP(=O)(O)OP(=O)(O)O)C(O)C3O)c2n1,0
C1055,CSc1nc(N)c2ncn(C3OC(COP(=O)(O)OP(=O)(O)OP(=O)(O)O)C(O)C3O)c2n1,0
C1056,CC(C)=CCCC(C)=CCCC(C)=CCSc1ccccc1C(=O)O,0
C1057,N#CSc1ccc2oc(C3=NCCN3)cc2c1,0
C1058,Cn1cnc([N+](=O)[O-])c1Sc1ncnc2nc[nH]c12,0
C1059,[N-]=[N+]=Nc1ccc(C(=O)CSCC(NC(=O)CCC(N)C(=O)O)C(=O)NCC(=O)O)cc1,0
C1060,Nc1nc(SCc2ccc([N+](=O)[O-])cc2)c2ncn(C3OC(CO)C(O)C3O)c2n1,0
C1061,O=[N+]([O-])c1ccc(CSc2ncnc3c2ncn3C2OC(CO)C(O)C2O)cc1,0
C1062,CN=C(NC#N)NCCSCc1nc[nH]c1C,0
C1063,CNC(=C[N+](=O)[O-])NCCSCc1ccc(CN(C)C)o1,0
C1064,CCCCCCCCCCCCCCSCC(=O)O,0
C1065,CN(C)CCCCSC(=N)N,0
C1066,NC(=O)COc1c(F)cc(SCCNS(=O)(=O)c2ccccc2)cc1F,0
C1067,O=C1C(SCCO)=C(SCCO)C(=O)c2ccccc21,0
C1068,CCCn1c(=O)c2[nH]c(C3CCCC3)nc2n(CCCOC(=O)c2ccc(S(=O)(=O)F)cc2)c1=O,0
C1069,CC(=O)NC(C(=O)O)C(C)(C)SN=O,0
C1070,NC(CCC(=O)NC(CSN=O)C(=O)NCC(=O)O)C(=O)O,0
C1071,Cc1ccc(C(=O)Nc2ccc(S(=O)(=O)O)c3cc(S(=O)(=O)O)cc(S(=O)(=O)O)c23)cc1NC(=O)c1cccc(NC(=O)Nc2cccc(C(=O)Nc3cc(C(=O)Nc4ccc(S(=O)(=O)O)c5cc(S(=O)(=O)O)cc(S(=O)(=O)O)c45)ccc3C)c2)c1,0
C1072,O=C(Nc1cccc(C(=O)Nc2ccc(S(=O)(=O)O)c3cc(S(=O)(=O)O)cc(S(=O)(=O)O)c23)c1)Nc1cccc(C(=O)Nc2ccc(S(=O)(=O)O)c3cc(S(=O)(=O)O)cc(S(=O)(=O)O)c23)c1,0
C1073,Cc1nc(N=Nc2ccc(S(=O)(=O)O)cc2S(=O)(=O)O)c(COP(=O)(O)O)c(C=O)c1O,0
C1074,Cn1c(=O)c2[nH]c(-c3ccc(S(=O)(=O)O)cc3)nc2n(C)c1=O,0
C1075,CCCn1c(=O)c2[nH]c(-c3ccc(S(=O)(=O)O)cc3)nc2n(CCC)c1=O,0
C1076,C=CCn1c(=O)c2c(nc(-c3ccc(S(=O)(=O)O)cc3)n2C)n(C)c1=O,0
C1077,O=S(=O)(O)C1CCNCC1,0
C1078,NCCCS(=O)(=O)O,0
C1079,CC(CCC(=O)NCCS(=O)(=O)O)C1CCC2C3C(O)CC4CC(O)CCC4(C)C3CC(O)C12C,0
C1080,NC(CCC(=O)NCS(=O)(=O)O)C(=O)O,0
C1081,NC(C[S+]([O-])O)C(=O)O,0
C1082,NCC[S+]([O-])O,0
C1083,CC12CCC3C(CC=C4CC(OS(=O)(=O)O)CCC43C)C1CCC2=O,0
C1084,COc1cc(C(O)CO)ccc1OS(=O)(=O)O,0
C1085,NCCCNCCSP(=O)(O)O,0
C1086,CCN(CC)C(=S)SSC(=S)N(CC)CC,0
C1087,CC(C)CC(N)CSSCC(N)CC(C)C,0
C1088,CCN1C(=CC(C)=O)Sc2ccc(OC)cc21,0
C1089,N#CC(=Cc1ccc(O)c(O)c1)C(N)=S,0
C1090,CC(C)(C)c1cc(C=C(C#N)C(N)=S)cc(C(C)(C)C)c1O,0
C1091,NC(=S)c1ccc[n+](C2OC(COP(=O)(O)OP(=O)(O)OCC3OC(n4cnc5c(N)ncnc54)C(OP(=O)([O-])O)C3O)C(O)C2O)c1,0
C1092,NC(=S)NCCCC(N)C(=O)O,0
C1093,Oc1ccc(Cn2cc[nH]c2=S)cc1,0
C1094,O=c1c2ccccc2[nH]c(=S)n1CCN1CCC(=C(c2ccc(F)cc2)c2ccc(F)cc2)CC1,0
C1095,CN1C(C(=O)Nc2ccccn2)=C(O)c2ccccc2S1(=O)=O,0
C1096,CC1CCN=C(N)S1,0
C1097,COC1(NC(=O)CSCC#N)C(=O)N2C(C(=O)O)=C(CSc3nnnn3C)CSC21,0
C1098,CC1=C(C(=O)O)N2C(=O)C(NC(=O)C(N)C3=CCC=CC3)C2SC1,0
C1099,CC1=C(C(=O)O)N2C(=O)C(NC(=O)C(N)c3ccccc3)C2SC1,0
C1100,CC(=O)OCC1=C(C(=O)O)N2C(=O)C(NC(=O)CCCC(N)C(=O)O)C2SC1,0
C1101,CC(=O)OCC1=C(C(=O)O)N2C(=O)C(NC(=O)CSc3ccncc3)C2SC1,0
C1102,CCC1SC2(CCN(C)CC2)NC1=O,0
C1103,NC(=O)c1cc[n+](CC2=C(C(=O)O)N3C(=O)C(NC(=O)C(c4ccccc4)S(=O)(=O)[O-])C3SC2)cc1,0
C1104,C=CC(C)=CC1(C)SC(=O)C(C)=C1O,0
C1105,Cc1cnc(NC(=O)C2=C(O)c3ccccc3S(=O)(=O)N2C)s1,0
C1106,CC(=O)Nc1nnc(S(N)(=O)=O)s1,0
C1107,Cc1nnc(SCC2=C(C(=O)O)N3C(=O)C(NC(=O)Cn4cnnn4)C3SC2)s1,0
C1108,CCCCOC(=O)NS(=O)(=O)c1sc(CC(C)C)cc1-c1ccc(Cn2c(CC)nc3c(C)cc(C)nc32)cc1,0
C1109,CC1OC(C[N+](C)(C)C)CS1,0
C1110,COc1cccc(OC)c1OCCNCC1CSc2ccccc2O1,0
C1111,Cc1nc2sccn2c(=O)c1CCN1CCC(=C(c2ccc(F)cc2)c2ccc(F)cc2)CC1,0
C1112,CC[n+]1c(C=CC=C2N(C)c3ccccc3C2(C)C)sc2ccccc21,0
C1113,CN1CCN(CCC=C2c3ccccc3Sc3ccc(S(=O)(=O)N(C)C)cc32)CC1,0
C1114,CN1CCC(=C2c3ccccc3CC(=O)c3sccc32)CC1,0
C1115,Cc1sc2ccccc2c1CC1=NCCN1,0
C1116,CN(C)CCCN1c2ccccc2Sc2ccc(C(F)(F)F)cc21,0
C1117,CN(C)CCCN1c2ccccc2Sc2ccccc21,0
C1118,CN1CCN(CCCN2c3ccccc3Sc3ccc(C(F)(F)F)cc32)CC1,0
C1119,COc1ccc(C2Sc3ccccc3N(CCN(C)C)C(=O)C2OC(C)=O)cc1,0
C1120,COc1cccc2c1C1CN(CCCCn3c(=O)[nH]c4c(sc5ncc(-c6ccccc6)nc54)c3=O)CC1CO2,0
C1121,CC#CCOC(=O)c1c(C)nc2sc3c(c2c1N)CCC(O)C3,0
C1122,Nc1nc2ccc(OC(F)(F)F)cc2s1,0
C1123,CON=C(C(=O)NC1C(=O)N2C(C(=O)O)=C(COC(C)=O)CSC12)c1csc(N)n1,0
C1124,CON=C(C(=O)NC1C(=O)N2C(C(=O)O)=C(CSc3nc(=O)c(=O)[nH]n3C)CSC12)c1csc(N)n1,0
C1125,Cc1scc2c1N(C(=O)CN1CCN(C)CC1)c1ccccc1NC2=O,0
C1126,COC(=O)Nc1nc2ccc(C(=O)c3cccs3)cc2[nH]1,0
C1127,CC(=O)OCC1=C(C(=O)O)N2C(=O)C(NC(=O)Cc3cccs3)C2SC1,0
C1128,CN(C)CCN(Cc1cccs1)c1ccccn1,0
C1129,CC(N)Cc1c[nH]c2ccc(OCc3cccs3)cc12,0
C1130,Cc1cccc(C)c1NC1=NCCCS1,0
C1131,S=C(Nc1ccccc1)Nc1nccs1,0
C1132,Cc1cc(NC(=O)Nc2ccc3c(ccn3C)c2)sn1,0
C1133,CC(C)(C)NCC(O)COc1nsnc1N1CCOCC1,0
C1134,S=C(S)N1CCCC1,0
C1135,S=C(S)OC1CC2CC1C1CCCC21,0
C1136,O=C(O)CNC(=O)C(CS)Cc1ccccc1,0
C1137,NCC=CC(=O)O,0
C1138,CN(C)CCC(c1ccc(Br)cc1)c1ccccn1,0
C1139,CN(C(=O)Cc1ccc(Cl)c(Cl)c1)C1CCCCC1N1CCCC1,0
C1140,CN(C)CCC(c1ccc(Cl)cc1)c1ccccn1,0
C1141,C[N+]1(C)C2CC(OC(=O)C(CO)c3ccccc3)CC1C1OC12,0
C1142,CC(C)Cc1ccc(C(C)C(=O)O)cc1,0
C1143,CNCC(O)c1ccc(O)c(O)c1,0
C1144,CC(C)NCC(O)c1ccc(O)c(O)c1,0
C1145,CCN1CCCC1CNC(=O)c1cc(S(N)(=O)=O)ccc1OC,0
C1146,C[N+](C)(C)CCCCCC[N+](C)(C)C,0
C1147,OCC1OC(S)C(O)C(O)C1O,0
C1148,Brc1c(NC2=NCCN2)ccc2nccnc12,0
C1149,O=c1cc(-c2ccccc2)[nH]c2nc(Cl)ccc12,0
C1150,CC(CN(C)C)CN1c2ccccc2CCc2ccccc21,0
C1151,CN1CCN(c2ccc3ccccc3n2)CC1,0
C1152,CC(C)N(CCC(C(N)=O)(c1ccccc1)c1ccccn1)C(C)C,0
C1153,Cc1cn(C2C=CC(CO)O2)c(=O)[nH]c1=O,0
C1154,CC1Cc2cc3c(cc2C(c2ccc(N)cc2)=NN1)OCO3,0
C1155,CN(C(=O)Cc1ccccc1)C1CCC2(CCCO2)CC1N1CCCC1,0
C1156,NC1CONC1=O,0
C1157,C=Cc1c(C)c2cc3[nH]c(cc4nc(cc5nc(cc1[nH]2)C(C)=C5CCC(=O)O)C(CCC(=O)O)=C4C)c(C)c3C=C,0
C1158,CS(=N)(=O)CCC(N)C(=O)O,0
C1159,CCCCS(=N)(=O)CCC(N)C(=O)O,0
C1160,NS(=O)(=O)Cc1noc2ccccc12,0
C1161,N=C1Sc2ccccc2C2=NCCCN12,0
C1162,C#CCN(C)C(C)Cc1ccccc1,0
C1163,COc1cc2c3cc1Oc1c(OC)c(OC)cc4c1C(Cc1ccc(O)c(c1)Oc1ccc(cc1)CC3N(C)CC2)N(C)CC4,0
C1164,C=C1c2cccc(O)c2C(O)=C2C(=O)C3(O)C(O)=C(C(N)=O)C(=O)C(N(C)C)C3C(O)C12,0
C1165,NC1CC1c1ccccc1,0
C1166,NCCc1cnc[nH]1,0
C1167,CC(C=CC=C(C)C=CC1=C(C)CCCC1(C)C)=CC=CC=C(C)C=CC=C(C)C=CC1=C(C)CCCC1(C)C,0
C1168,CC(CCCN(C)C)C1CCC2C3CCC4CCCCC4(C)C3CCC12C,0
C1169,CC(C)CCCC(C)C1CCC2C3CC=C4CC(O)CCC4(C)C3CCC12C,0
C1170,CCC=CCC=CCC=CCC=CCC=CCCCC(=O)NCCO,0
C1171,COc1ccc(OC)c2c1CCCC2=O,0
C1172,O=C1CCCc2ccc(O)cc21,0
C1173,NC(Cc1ccccc1)C(=O)O,0
C1174,O=C(O)C=Cc1cnc[nH]1,0
C1175,O=C(CO)CO,0
C1176,O=CC(O)CO,0
C1177,O=CC(O)C1OC(=O)C(O)C1O,0
C1178,CCC(=O)O,0
C1179,O=CC(O)C(O)C(O)C(O)CO,0
C1180,CO,0
C1181,CC1(C)SC2C(NC(=O)C(C(=O)O)c3ccccc3)C(=O)N2C1C(=O)O,0
C1182,C=C(C)C1C2OC(=O)C1C1(O)CC3OC34C(=O)OC2C14C,0
C1183,CC(C=CC1=C(C)CCCC1(C)C)=CC=CC(C)=CCO,0
C1184,O=C1CCC(=O)N1,0
C1185,CCN(CC)CCN1C(=O)CN=C(c2ccccc2F)c2cc(Cl)ccc21,0
C1186,CCCCC(=O)OC1(C(=O)CO)C(C)CC2C3CCC4=CC(=O)C=CC4(C)C3(F)C(O)CC21C,0
C1187,NC(Cc1cc(I)c(Oc2ccc(O)c(I)c2)c(I)c1)C(=O)O,0
C1188,CC(C)(C)NCC(O)COc1cccc2c1CC(O)C(O)C2,0
C1189,CC12CCC3C(CC=C4CC(O)CCC43C)C1CCC2=O,0
C1190,CC12C=CC(=O)C=C1CCC1C2C(=O)CC2(C)C1CCC2(O)C(=O)CO,0
C1191,NCCS,0
C1192,C=CCN1CCc2c(cc(O)c(O)c2Cl)C(c2ccccc2)C1,0
C1193,Oc1cc2c(c(Cl)c1O)CCNCC2c1ccccc1,0
C1194,Oc1ccc(C2CNCCc3c2cc(O)c(O)c3Cl)cc1,0
C1195,Cc1cccc(C2CN(C)CCc3c2cc(O)c(O)c3Cl)c1,0
C1196,NC(CCl)C(=O)O,0
C1197,C=CCN1CCc2c(cc(O)c(O)c2Br)C(c2ccccc2)C1,0
C1198,c1ccc(CN(Cc2ncc[nH]2)c2ccccc2)cc1,0
C1199,NCCNC(=O)c1ccc(Cl)cc1,0
C1200,Clc1cccc(N2CCNCC2)c1,0
C1201,O=c1n(CCCN2CCN(c3cccc(Cl)c3)CC2)nc2ccccn12,0
C1202,Nc1cc(Cl)c(NC2=NCCN2)c(Cl)c1,0
C1203,O=C(Cc1ccc(Cl)c(Cl)c1)N1CCCCC1CN1CCCC1,0
C1204,NC(N)=NC(N)=Nc1cccc(Cl)c1,0
C1205,NCCNS(=O)(=O)c1cccc2c(Cl)cccc12,0
C1206,NCCCCCCNS(=O)(=O)c1cccc2c(Cl)cccc12,0
C1207,O=S(=O)(c1cccc2c(Cl)cccc12)N1CCCNCC1,0
C1208,c1ccc(CN2CCC3(CCCc4ccccc43)CC2)cc1,0
C1209,NCCCNCCCCNCCCN,0
C1210,NCCC1CCCC(CCN)N1,0
C1211,Ic1ccc(N2CCN(Cc3c[nH]c4ncccc34)CC2)cc1,0
C1212,Clc1cc(I)cc(Cl)c1NC1=NCCN1,0
C1213,CN(C)CCCC1(c2ccc(F)cc2)OCc2cc(C#N)ccc21,0
C1214,Fc1ccc(C(OCCN2CCN(CCCc3ccccc3)CC2)c2ccc(F)cc2)cc1,0
C1215,Fc1ccc(C(OCCCc2cnc[nH]2)c2ccc(F)cc2)cc1,0
C1216,Fc1ccc(C(c2ccc(F)cc2)N2CCN(CC=Cc3ccccc3)CC2)cc1,0
C1217,O=C(CCCN1CCC2(CC1)C(=O)NCN2c1ccccc1)c1ccc(F)cc1,0
C1218,O=C(CCCN1CCC(O)(c2cccc(C(F)(F)F)c2)CC1)c1ccc(F)cc1,0
C1219,Cl.NCC(O)c1cc(O)c(O)cc1F,0
C1220,Cl.NCCCC(N)(C(=O)O)C(F)F,0
C1221,Cl.O=C(OC1CCN(CCCl)CC1)C(c1ccccc1)c1ccccc1,0
C1222,O.O=P1(N(CCCl)CCCl)NCCCO1,0
C1223,Cl.NC1CCN(c2cccc(Cl)n2)CC1,0
C1224,Cl.NC(N)=NC(=O)c1nc(Cl)c(N)nc1N,0
C1225,Cl.NC(=NCc1ccccc1)NC(=O)c1nc(Cl)c(N)nc1N,0
C1226,Cl.Clc1cccc(Cl)c1NC1=NCCN1,0
C1227,Cl.Clc1ccc(N2CCN(Cc3c[nH]c4ncccc34)CC2)cc1,0
C1228,Cl.Clc1ccc(Cn2c(CN3CCCC3)nc3ccccc32)cc1,0
C1229,Cl.Nc1ccc(-c2ccc3ccccc3n2)cc1,0
C1230,Br.COC(=O)C1=CCCN(C)C1,0
C1231,Br.CN1C2CCC1CC(OC(=O)C(O)c1ccccc1)C2,0
C1232,Cl.NCC#Cc1ccccc1,0
C1233,Cl.Cl.N=C(N)c1ccc(N)cc1,0
C1234,Cl.NC12CC3CC(CC(C3)C1)C2,0
C1235,Cl.NN=C(N)N,0
C1236,Cl.N=C(N)c1ccccc1,0
C1237,Cl.Cl.Cn1cnc(CCN)c1,0
C1238,Cl.c1ccc2c(CC3=NCCN3)cccc2c1,0
C1239,Cl.c1ccc2c(c1)CCCC2C1=NCCN1,0
C1240,O=C(O)CCC(=O)O.c1ccc(C2(c3ccccc3)CC2C2=NCCN2)cc1,0
C1241,Cl.c1ccc2c(N3CCNCC3)cccc2c1,0
C1242,O.c1cnc2c(c1)ccc1cccnc12,0
C1243,Cl.c1ccc2nc(C3=NCCN3)ccc2c1,0
C1244,Cl.NCC(O)C1CCCCCCC1,0
C1245,Cl.O=C(O)C1=CCCN(CCON=C(c2ccccc2)c2ccccc2)C1,0
C1246,Cl.NOCC(=O)O.NOCC(=O)O,0
C1247,Cl.c1ccc(C2CC2)c(OCC2=NCCN2)c1,0
C1248,Br.COc1ccccc1N1CCN(CCCCN2C(=O)c3ccccc3C2=O)CC1,0
C1249,Br.COc1ccc(-c2ccc(=N)n(CCCC(=O)O)n2)cc1,0
C1250,Br.COc1ccc2c(c1)C13CCCCC1C(C2)N(C)CC3.O,0
C1251,Cl.Cl.c1ccc(CCCN2CCN(CCOC(c3ccccc3)c3ccccc3)CC2)cc1,0
C1252,Br.C#CCOC(=O)C1=CCCN(C)C1,0
C1253,Br.CN1C2CC(OC(=O)C(CO)c3ccccc3)CC1C1OC12,0
C1254,CC1CCCC=CC2CC(O)CC2(O)CC=CC(=O)O1,0
C1255,Cl.NCC1OC(C23CC4CC(CC(C4)C2)C3)Cc2c1ccc(O)c2O,0
C1256,Cl.O=C1CC2(CCCC2)CC(=O)N1CCCCN1CCN(c2ncccn2)CC1,0
C1257,O=C(O)C=CC(=O)O.O=C(O)C=CC(=O)O.O=C(O)C=CC(=O)O.O=C1CCCN1CC#CCN1CCCC1.O=C1CCCN1CC#CCN1CCCC1,0
C1258,Cl.NNC(N)=O,0
C1259,Cl.Cn1ccc2cc3c(cc21)CCN3C(=O)Nc1cccnc1,0
C1260,Cl.Cn1ccc2cc(NC(=O)Nc3cccnc3)ccc21,0
C1261,Cl.Oc1ccc2c3c1OC1C(O)CCC4(O)C(C2)N(CC2CCC2)CCC314,0
C1262,Cl.N=c1ccn2c(n1)OC1C(O)C(CO)OC12,0
C1263,Cl.O=C1CCC2(O)C3Cc4ccc(O)c5c4C2(CCN3CC2CC2)C1O5,0
C1264,Cl.Oc1ccc2c3c1OC1c4[nH]c5ccccc5c4CC4(O)C(C2)N(CC2CC2)CCC314,0
C1265,Br.NCc1cc(=O)[nH]o1,0
C1266,Cl.O=c1[nH]oc2c1CCNC2,0
C1267,Cl.O=C(OCCN1CCOCC1)C1(c2ccccc2)CCCCC1,0
C1268,Br.COC1CC=C2CCN3CCC4=C(CC(=O)OC4)C23C1,0
C1269,O=C(O)C=CC(=O)O.c1cnc(N2CCN(Cc3ccc4c(c3)OCO4)CC2)nc1,0
C1270,Cl.c1ccc2c(c1)OCC(C1=NCCN1)O2,0
C1271,Cl.O=C1NCC2(CCN(CCc3ccccc3)CC2)O1,0
C1272,Cl.N=c1c[n+](N2CCOCC2)[n-]o1,0
C1273,Cl.Cl.Oc1ccc2c3c1OC1c4[nH]c5c(c4CC4(O)C(C2)N(CC2CC2)CCC314)CC1(O)C2Cc3ccc(O)c4c3C1(CCN2CC1CC1)C5O4,0
C1274,C=C1C(=O)OC2C1CCC(C)=CCCC1(C)OC21,0
C1275,Cl.Nc1ccn(C2OC(CO)C(O)C2O)c(=O)n1,0
C1276,CCC(C)C1OC2(CCC1C)CC1CC(CC=C(C)C(OC3CC(OC)C(OC4CC(OC)C(O)C(C)O4)C(C)O3)C(C)C=CC=C3COC4C(O)C(C)=CC(C(=O)O1)C34O)O2,0
C1277,Cl.O=C(O)C1=CCNCC1,0
C1278,Cl.OC(CCN1CCCCC1)(c1ccccc1)C1CCCCC1,0
C1279,Cl.NCCCCC(=O)O,0
C1280,Cl.O=C(O)Cc1cnc[nH]1,0
C1281,Br.C=CCN1CCc2cccc3c2C1Cc1ccc(O)c(O)c1-3,0
C1282,Cl.NC1(C(=O)O)CCCCC1,0
C1283,Cl.NC1(C(=O)O)CC1,0
C1284,Cl.O=C(O)C1=CCCNC1,0
C1285,Cl.NC1C=CC=C(C(=O)O)C1,0
C1286,NC(CO)(CO)CO.O=C(c1ccccc1)c1ccc2n1CCC2C(=O)O,0
C1287,Cl.O=C(O)C1CCCN(CCC=C(c2ccccc2)c2ccccc2)C1,0
C1288,Cl.NC(CO)C(=O)NNCc1ccc(O)c(O)c1O,0
C1289,Br.CN1CCc2cc(O)cc3c2C1Cc1ccc(O)c(O)c1-3,0
C1290,Br.CCCN1CCc2cc(O)cc3c2C1Cc1ccc(O)c(O)c1-3,0
C1291,Br.CCCN(CCC)C1CCc2cccc(O)c2C1,0
C1292,Cl.NCC(O)c1ccc(O)cc1,0
C1293,Cl.Oc1cc2c(cc1O)C1c3ccccc3CNC1CC2,0
C1294,Br.NC1CCc2cc(O)c(O)cc2C1,0
C1295,Br.CCCN(CCC)C1CCc2ccc(O)cc2C1,0
C1296,Br.CN1CCc2cc(O)c(O)cc2C(c2ccccc2)C1,0
C1297,Cl.NCCc1c[nH]c2ccc(O)cc12,0
C1298,Br.CCCN1CCC2c3cc(O)ccc3CCC21,0
C1299,CS(=O)(=O)O.Cc1ccc(N(CC2=NCCN2)c2cccc(O)c2)cc1,0
C1300,Br.CCCN(CCC)CCc1ccc(O)c(O)c1,0
C1301,Cl.NCCc1ccc(O)c(O)c1,0
C1302,Cl.Cl.NNCc1cccc(O)c1,0
C1303,Br.CC(Cc1ccc(O)cc1)NCC(O)c1cc(O)cc(O)c1,0
C1304,Cl.NO,0
C1305,Cl.Cl.OCCN1CCN(CCCN2c3ccccc3C=Cc3ccccc32)CC1,0
C1306,Cl.OCc1cnc[nH]1,0
C1307,O=C(O)c1ccc2ccccc2c1O.OCc1cc(C(O)CNCCCCCCOCCCCc2ccccc2)ccc1O,0
C1308,Br.Br.N=C(N)SCCc1cccc(CCSC(=N)N)c1,0
C1309,Br.Br.N=C(N)SCCc1ccc(CCSC(=N)N)cc1,0
C1310,Cl.Nc1c2c(nc3ccccc13)CCCC2,0
C1311,O=C(O)C=CC(=O)O.O=[N+]([O-])c1ccc2nc(N3CCNCC3)ccc2c1,0
C1312,[Cl-].c1ccc2c(c1)[I+]c1ccccc1-2,0
C1313,CS(=O)(=O)O.Cc1c(C(=O)c2cccc3ccccc23)c2cccc3c2n1C(CN1CCOCC1)CO3,0
C1314,Cl.NCCNC(=O)c1ncsc1-c1cccc(F)c1,0
C1315,Cl.c1ccc(C2CN3CCSC3=N2)cc1,0
C1316,O=C(O)C=CC(=O)O.O=C(O)C=CC(=O)O.c1cc(CN2CCCCC2)cc(OCCCNc2nc3ccccc3s2)c1,0
C1317,Cl.Cl.OCCN1CCN(CCCN2c3ccccc3Sc3ccc(C(F)(F)F)cc32)CC1,0
C1318,Cl.O=C(c1ccc(OCCN2CCCCC2)cc1)c1c(-c2ccc(O)cc2)sc2cc(O)ccc12,0
C1319,Br.Oc1ccc(C2CNCc3sccc32)cc1O,0
C1320,O=C(O)C=CC(=O)O.S=C(NC1CCCCC1)N1CCC(c2cnc[nH]2)CC1,0
C1321,Br.CN=c1nc(-c2ccccc2)n(-c2ccccc2)s1,0
C1322,Cl.NCCc1ccc(S(=O)(=O)F)cc1,0
C1323,Br.Br.N=C(N)SCCN,0
C1324,Br.Br.N=C(N)SCCc1cnc[nH]1,0
C1325,Br.CCSC(=N)N,0
C1326,Cl.NC(N)=NCCNS(=O)(=O)c1cccc2cnccc12,0
C1327,Cl.Cl.NCCNS(=O)(=O)c1cccc2cnccc12,0
C1328,Cl.NCCc1ccc(O)cc1,0
C1329,Cl.Cl.NCCSSCCN,0
C1330,CCCc1ncc(C[n+]2ccccc2C)c(N)n1,0
C1331,C[n+]1cccc(C(N)=O)c1,1
C1332,Cn1c(=O)[nH]c2nc[nH]c2c1=O,1
C1333,COc1cc(C2Oc3cc(-c4oc5cc(O)cc(O)c5c(=O)c4O)ccc3OC2CO)ccc1O,1
C1334,O=C(O)c1ccnc(C(=O)O)c1,1
C1335,CC(C)(C)c1cc(O)c(C(C)(C)C)cc1O,1
C1336,CCC1(CC)CCNC1=O,1
C1337,CC1CCC2(C(=O)O)CCC3(C)C(=CCC4C5(C)CCC(O)C(C)(C)C5CCC43C)C2C1C,1
C1338,CC(CCCC(C)C1CCC2C3CCC4=CC(=O)CCC4(C)C3CCC12C)C(=O)O,1
C1339,O=C(C=Cc1ccccc1)OCC1(O)C(O)C(O)C2C=COC(OC3OC(CO)C(O)C(O)C3O)C21,1
C1340,CC(C)CC(=O)C(=O)O,1
C1341,N#Cc1c(-c2ccccc2)no[n+]1[O-],1
C1342,CCCCCC=CC(=O)CCc1ccc(O)c(OC)c1,1
C1343,Nc1ncnc2c1c(-c1ccc(Oc3ccccc3)cc1)cn2C1CCCC1,1
C1344,Cn1cnc2[nH]c(=O)[nH]c(=O)c21,1
C1345,O=C(O)C=CCCCCCCCO,1
C1346,CC1(C(=O)O)CCC2(C)CCC3(C)C(=CC(=O)C4C5(C)CCC(O)C(C)(C)C5CCC43C)C2C1,1
C1347,CC(=O)Nc1ccc(O)cc1,1
C1348,NCCCCN=C(N)N,1
C1349,CC(N)C(=O)O,1
C1350,NC(=O)NC1NC(=O)NC1=O,1
C1351,CCC(C)C(=O)C(=O)O,1
C1352,CC(C)C(=O)C(=O)O,1
C1353,O=C(O)CCC(=O)C(=O)O,1
C1354,O=C(O)CCCCC1CCSS1,1
C1355,CC(=CCCC1(C)C2CC3C(C2)C31C)CO,1
C1356,Clc1ccc2c(c1)C(N1CCNCC1)=Nc1ccccc1O2,1
C1357,CCNC(=O)N1CCN(CCCC(c2ccc(F)cc2)c2ccc(F)cc2)CC1,1
C1358,CC1(C)SC2C(NC(=O)C(N)c3ccccc3)C(=O)N2C1C(=O)O,1
C1359,OCC1OC(Oc2ccc(O)cc2)C(O)C(O)C1O,1
C1360,COc1cc(CC2C(=O)OCC2Cc2ccc(OC)c(OC)c2)ccc1O,1
C1361,COc1ccc(CC2COC(=O)C2Cc2ccc(OC3OC(CO)C(O)C(O)C3O)c(OC)c2)cc1OC,1
C1362,O=C1OC(C(O)CO)C(O)=C1O,1
C1363,CC(=O)CCC(C)OC1OC(C)C(O)CC1O,1
C1364,CC(CCCCC=CC(=O)O)OC1OC(C)C(O)CC1O,1
C1365,NC(=O)CC(N)C(=O)O,1
C1366,CC(=O)Oc1ccccc1C(=O)O,1
C1367,O=[N+]([O-])c1ccc(-c2csc(CCl)n2)cc1,1
C1368,O=c1cc(-c2ccccc2)oc2cc(O)c(O)c(O)c12,1
C1369,NCCC(=O)O,1
C1370,C=C1CCC=C(C)CCC2C1CC2(C)C,1
C1371,CC12CCC3c4ccc(O)cc4CCC3C1CCC2O,1
C1372,C=C1C2CCC(C2)C1(C)CCC=C(C)CO,1
C1373,CC(C)(Oc1ccc(CCNC(=O)c2ccc(Cl)cc2)cc1)C(=O)O,1
C1374,OC(CN1CCN(c2cccc(Cl)c2)CC1)C(c1ccccc1)c1ccccc1,1
C1375,Cc1ccc([N+](=O)[O-])cc1S(=O)(=O)N(C)C,1
C1376,COc1cc(C(C)(C)C)c(O)c(C(C)(C)C)c1,1
C1377,O=C(O)C=Cc1ccc(O)c(O)c1,1
C1378,O=C(C=Cc1ccc(O)c(O)c1)OCCc1ccccc1,1
C1379,Cn1c(=O)c2c(ncn2C)n(C)c1=O,1
C1380,COc1ccc(-c2coc3cc(O)ccc3c2=O)cc1O,1
C1381,CCCCCCCC(=O)O,1
C1382,N#CC(C#N)=NNc1cccc(Cl)c1,1
C1383,Oc1cc(O)c2c(c1)OC(c1ccc(O)c(O)c1)C(O)C2,1
C1384,CC1=C(O)C(=O)C=C2C1=CC=C1C2(C)CCC2(C)C3CC(C)(C(=O)O)CCC3(C)CCC12C,1
C1385,Cc1ccc(-c2cc(C(F)(F)F)nn2-c2ccc(S(N)(=O)=O)cc2)cc1,1
C1386,O=C1CSC(c2ccccc2Cl)c2cc(Cl)ccc2N1,1
C1387,O=C(NC(CO)C(O)c1ccc([N+](=O)[O-])cc1)C(Cl)Cl,1
C1388,CN(C)CCC=C1c2ccccc2Sc2ccc(Cl)cc21,1
C1389,Cc1cc(C2CCCCC2)n(O)c(=O)c1,1
C1390,OCCN1CCN(CCC=C2c3ccccc3Sc3ccc(C(F)(F)F)cc32)CC1,1
C1391,CCCCCCC=CCCCCCCCCCC(=O)O,1
C1392,O=C(O)CC(O)(CC(=O)O)C(=O)O,1
C1393,CCOC(=O)C(C)(C)Oc1ccc(Cl)cc1,1
C1394,CNc1cccc2c(S(=O)(=O)NCCCCN3CCN(c4ccccc4OC)CC3)cccc12,1
C1395,CN(CC(=O)O)C(=N)N,1
C1396,COc1cc(C=CC(=O)CC(=O)C=Cc2ccc(O)c(OC)c2)ccc1O,1
C1397,CC(=O)OC1(C(C)=O)CCC2C3C=C(Cl)C4=CC(=O)C5CC5C4(C)C3CCC21C,1
C1398,NC(CS)C(=O)O,1
C1399,CC(CCCC(C)C1CCC2C3CCC4CC(=O)CCC4(C)C3CCC12C)C(=O)O,1
C1400,Cc1cccc(C)c1OCc1cc(C(=O)N2CCC(c3ccncc3)CC2)no1,1
C1401,CC1(C)CCc2c(ccc3c2OC(=Cc2ccc(O)cc2)C3=O)O1,1
C1402,C#CC1(O)CCC2C3CCC4=Cc5oncc5CC4(C)C3CCC21C,1
C1403,O=C1NC(=O)c2cc(Nc3ccccc3)c(Nc3ccccc3)cc21,1
C1404,CC(O)CC(=O)O,1
C1405,CC(C)c1ccc2c(c1)CCC1C(C)(C(=O)O)CCCC21C,1
C1406,CN(C)C1C(=O)C(C(N)=O)=C(O)C2(O)C(=O)C3=C(O)c4c(O)ccc(Cl)c4C(O)C3CC12,1
C1407,NC1C(O)OC(CO)C(O)C1O,1
C1408,OCC1OC(O)C(O)C(O)C1O,1
C1409,C=CCSSSCC=C,1
C1410,O=C(O)C(Br)Br,1
C1411,O=C(O)C(Cl)Cl,1
C1412,CCOC(=O)C=CC(=O)OCC,1
C1413,CC(C)C1(NC(=O)C2CC3c4cccc5[nH]cc(c45)CC3N(C)C2)OC2(O)C3CCCN3C(=O)C(Cc3ccccc3)N2C1=O,1
C1414,CN1CC(C(=O)NC2(C)OC3(O)C4CCCN4C(=O)C(Cc4ccccc4)N3C2=O)CC2c3cccc4[nH]cc(c34)CC21,1
C1415,CN(C)C=O,1
C1416,CSC,1
C1417,C[S+](C)[O-],1
C1418,CC1CCC2(OC1)OC1CC3C4CC=C5CC(O)CCC5(C)C4CCC3(C)C1C2C,1
C1419,O=C(O)CC(C(=O)O)C(O)C(=O)O,1
C1420,CC(O)C(=O)O,1
C1421,COc1cc2nc(N3CCN(C(=O)C4COc5ccccc5O4)CC3)nc(N)c2cc1OC,1
C1422,CC1c2cccc(O)c2C(O)=C2C(=O)C3(O)C(O)=C(C(N)=O)C(=O)C(N(C)C)C3C(O)C21,1
C1423,CC1OC(OC2C(O)C(OCCc3ccc(O)c(O)c3)OC(COC3OC(CO)C(O)C(O)C3O)C2OC(=O)C=Cc2ccc(O)c(O)c2)C(O)C(O)C1O,1
C1424,O=C(O)CN(CCN(CC(=O)O)CC(=O)O)CC(=O)O,1
C1425,OC(CN1CCC(Cc2ccc(F)cc2)CC1)c1ccc(Cl)cc1,1
C1426,O=c1oc2c(O)c(O)cc3c(=O)oc4c(O)c(O)cc1c4c23,1
C1427,CCn1cc(C(=O)O)c(=O)c2cc(F)c(N3CCNCC3)nc21,1
C1428,O=C(OC1Cc2c(O)cc(O)cc2OC1c1cc(O)c(O)c(O)c1)c1cc(O)c(O)c(O)c1,1
C1429,CCn1c2cc(=[NH2+])ccc-2c2ccc(N)cc2c1-c1ccccc1,1
C1430,CCC1(C)CC(=O)NC1=O,1
C1431,COc1cccc(C=NCCN=Cc2cccc(OC)c2O)c1O,1
C1432,N#CC(C#N)=NNc1ccc(OC(F)(F)F)cc1,1
C1433,CC(C)OC(=O)C(C)(C)Oc1ccc(C(=O)c2ccc(Cl)cc2)cc1,1
C1434,Nc1nc2ncc(CNc3ccc(C(=O)NC(CCC(=O)O)C(=O)O)cc3)nc2c(=O)[nH]1,1
C1435,CC(=O)OC1CC(C)(C)C(=C=CC(C)=CC=CC(C)=CC=CC=C(C)C=CC=C(C)C(=O)CC23OC2(C)CC(O)CC3(C)C)C(C)(O)C1,1
C1436,O=C(O)c1cc(O)c(O)c(O)c1,1
C1437,Cc1c(O)cc2c(c1C)OC(C)(CCCC(C)CCCC(C)CCCC(C)C)CC2,1
C1438,C=CCS[S+]([O-])CC=C,1
C1439,O=c1c(-c2ccc(O)cc2)coc2cc(O)cc(O)c12,1
C1440,CCC(C)(O)C(=O)OC1C(=O)OC2CC3C(C)=CC(=O)C(O)C3(C)C3C4(O)OCC23C1C(C)C4O,1
C1441,NC(CCC(=O)NC(CS)C(=O)NCC(=O)O)C(=O)O,1
C1442,OCC(O)CO,1
C1443,NCC(=O)O,1
C1444,NC(N)=NN=Cc1c(Cl)cccc1Cl,1
C1445,COc1ccc(P(=S)(S)N2CCOCC2)cc1,1
C1446,NC(Cc1cnc[nH]1)C(=O)O,1
C1447,NC(CCS)C(=O)O,1
C1448,O=C(O)C1C2C=CC(C2)C1C(=O)O,1
C1449,CC=C1C2C=C(C)CC1(N)c1ccc(=O)[nH]c1C2,1
C1450,NC(=O)c1ccc[n+](C2OC(COP(=O)([O-])OP(=O)(O)OCC3OC(n4cnc5c(N)ncnc54)C(O)C3O)C(O)C2O)c1,1
C1451,COc1ccc(-c2oc3c(CC=C(C)C)c(OC4OC(CO)C(O)C(O)C4O)cc(O)c3c(=O)c2OC2OC(C)C(O)C(O)C2O)cc1,1
C1452,c1ccc2[nH]ccc2c1,1
C1453,OC1C(O)C(O)C(O)C(O)C1O,1
C1454,CCC(C)C(N)C(=O)O,1
C1455,C=C(C)CCO,1
C1456,O=C1C=CC(=O)c2c(O)cccc21,1
C1457,O=C1Cc2c([nH]c3ccc(Br)cc23)-c2ccccc2N1,1
C1458,O=C(c1ccc(F)cc1)C1CCN(CCn2c(=O)[nH]c3ccccc3c2=O)CC1,1
C1459,COc1cc(C2CC(=O)c3c(O)cc(OC4OC(COC(C)=O)C(O)C(O)C4O)cc3O2)ccc1O,1
C1460,COc1cc(C2Oc3c(OC)cc(CC4COC(=O)C4Cc4cc(OC)c5c(c4)C(CO)C(c4ccc(O)c(OC)c4)O5)cc3C2CO)ccc1O,1
C1461,CC(O)=C(C#N)C(=O)Nc1cc(Br)ccc1Br,1
C1462,COC(=O)C(N)Cc1cnc[nH]1,1
C1463,CC(C)CC(N)C(=O)O,1
C1464,O=C(O)c1nn(Cc2ccc(Cl)cc2Cl)c2ccccc12,1
C1465,CCOC(=O)N1CCC(=C2c3ccc(Cl)cc3CCc3cccnc32)CC1,1
C1466,CN1CCN(C2=Nc3ccccc3Oc3ccc(Cl)cc32)CC1,1
C1467,CCNC(=O)CCC(N)C(=O)O,1
C1468,O=c1cc(-c2ccc(O)c(O)c2)oc2cc(O)cc(O)c12,1
C1469,CC(C)C(N)C(=O)O,1
C1470,Nc1ccc(CCN2CCN(c3cccc(C(F)(F)F)c3)CC2)cc1,1
C1471,O=S1(=O)N(CCN2CC=C(c3c[nH]c4cc(F)ccc34)CC2)c2cccc3c2N1CCC3,1
C1472,O=c1cc(N2CCOCC2)oc2c(-c3ccccc3)cccc12,1
C1473,NCCCCC(N)C(=O)O,1
C1474,Cc1ccc(CC(NC(=O)OC(C)(C)C)C(=O)O)cc1,1
C1475,COc1cc(CC2COC(=O)C2Cc2ccc(O)c(OC)c2)ccc1O,1
C1476,CN1CC(CNC(=O)OCc2ccccc2)CC2c3cccc4c3c(cn4C)CC21,1
C1477,CSCCC(N)C(=O)O,1
C1478,COC(=O)c1ccc(O)c(O)c1,1
C1479,CCC(CO)NC(=O)C1C=C2c3cccc4[nH]cc(c34)CC2N(C)C1,1
C1480,CN1CCN2c3ccccc3Cc3ccccc3C2C1,1
C1481,CN(C)c1ccc(O)c2c1CC1CC3C(N(C)C)C(=O)C(C(N)=O)=C(O)C3(O)C(=O)C1=C2O,1
C1482,CN1CC=C(c2ccccc2)CC1,1
C1483,CC(=CC=CC(C)C(=O)O)C1CNC(C(=O)O)C1CC(=O)O,1
C1484,O=c1c(O)c(-c2cc(O)c(O)c(O)c2)oc2cc(O)cc(O)c12,1
C1485,COC(=CC(N)=O)C(C)C(C=Cc1csc(-c2csc(C(C)C=CC=CC(C)C)n2)n1)OC,1
C1486,COc1cccc(C(=O)NCCN2CCN(c3ccc(Cl)cc3)CC2)c1,1
C1487,CC(=O)NC1C(O)OC(CO)C(O)C1O,1
C1488,CC(=O)NC(CS)C(=O)O,1
C1489,CC(=O)NC(Cc1cnc[nH]1)C(=O)O,1
C1490,COc1ccccc1N1CCN(CC(O)COc2cccc3ccccc23)CC1,1
C1491,O=C1C=CC(=O)c2c(O)ccc(O)c21,1
C1492,CC1OC(OC2C(Oc3cc(O)c4c(c3)OC(c3ccc(O)cc3)CC4=O)OC(CO)C(O)C2O)C(O)C(O)C1O,1
C1493,NC(=O)c1cccnc1,1
C1494,CCOC(=O)C1=C(C)NC(C)=C(C(=O)OC)C1c1cccc([N+](=O)[O-])c1,1
C1495,O=[N+]([O-])C1CNCCN1c1ccccc1,1
C1496,CN(C)N=O,1
C1497,CNCCC=C1c2ccccc2CCc2ccccc21,1
C1498,CN1CCN(C2Cc3ccccc3Sc3ccc(Cl)cc32)CC1,1
C1499,CC1(C)CCC2(C(=O)O)CCC3(C)C(=CCC4C5(C)CCC(O)C(C)(C)C5CCC43C)C2C1,1
C1500,NCCCC(N)C(=O)O,1
C1501,O=C(O)CC(=O)C(=O)O,1
C1502,O=c1[nH]c2ccccc2n1CCCN1CCN(C(c2ccccc2)c2ccccc2)CC1,1
C1503,O=c1c(=O)c(=O)c2ccccc2c1=O,1
C1504,Oc1cc(O)cc(C=Cc2ccc(O)cc2O)c1,1
C1505,CCCCCCC=CCCCCCCCC(=O)O,1
C1506,C[n+]1ccc(-c2cc[n+](C)cc2)cc1,1
C1507,CC(C)(O)C1OC2CCC3(C)C(O)(CCC4Cc5c([nH]c6ccccc56)C43C)C2=CC1=O,1
C1508,CCCN1CC(CSC)CC2c3cccc4[nH]cc(c34)CC21,1
C1509,NC(N)=NC(N)=NCCc1ccccc1,1
C1510,CC1OC(OCC2OC(Oc3cc(CCO)ccc3O)C(O)C(O)C2O)C(O)C(O)C1O,1
C1511,CCCCCCCCCCCCCCCCCCOCC(COP(=O)(O)OC1C(OCC2CCCCC2)CC(O)C(O)C1O)OC,1
C1512,C=C(OP(=O)(O)O)C(=O)O,1
C1513,O=C(O)c1ccccn1,1
C1514,CS(=O)(=O)N1CCN(Cc2cc3nc(-c4cccc5[nH]ncc45)nc(N4CCOCC4)c3s2)CC1,1
C1515,CC=C(C)C(O)C(C)C=C(C)C=CCC(C)=CCc1[nH]c(OC)c(OC)c(=O)c1C,1
C1516,CC1=CC(=O)c2c(O)cccc2C1=O,1
C1517,OCC1OC(Oc2cc(O)cc(C=Cc3ccc(O)cc3)c2)C(O)C(O)C1O,1
C1518,OCC1OC(Oc2c(O)cc(O)cc2C=Cc2ccc(O)cc2)C(O)C(O)C1O,1
C1519,CC(=O)C1CCC2C3CC=C4CC(O)CCC4(C)C3CCC12C,1
C1520,COc1c(O)cc(C2Oc3c(c(O)cc(O)c3C3c4c(O)cc(O)cc4OC(c4ccc(O)cc4)C3O)CC2O)cc1O,1
C1521,Oc1cc(O)c2c(c1)OC(c1ccc(O)c(O)c1)C(OC1(c3ccc(O)c(O)c3)Oc3cc(O)cc(O)c3C(O)C1O)C2,1
C1522,CC(CN1c2ccccc2Sc2ccccc21)N(C)C,1
C1523,CCC(=O)c1ccc2c(c1)N(CCCN(C)C)c1ccccc1S2,1
C1524,CCCOC(=O)c1cc(O)c(O)c(O)c1,1
C1525,O=C(O)c1ccc(O)c(O)c1,1
C1526,O=c1ccc2c(OCCCCc3ccccc3)c3ccoc3cc2o1,1
C1527,O=c1ccc2cc3ccoc3cc2o1,1
C1528,NCCCCN,1
C1529,O=C(O)c1cc(C(=O)O)c2c(n1)C(=O)C(=O)c1cc(C(=O)O)[nH]c1-2,1
C1530,CC(=O)C(=O)O,1
C1531,O=c1c(OC2OC(CO)C(OC3OC(CO)C(O)C(O)C3O)C(O)C2O)c(-c2ccc(O)c(O)c2)oc2cc(O)cc(O)c12,1
C1532,O=c1c(O)c(-c2ccc(O)c(O)c2)oc2cc(O)cc(O)c12,1
C1533,COC(=O)C1C2CC3c4[nH]c5cc(OC)ccc5c4CCN3CC2CC(OC(=O)c2cc(OC)c(OC)c(OC)c2)C1OC,1
C1534,Oc1ccc(C=Cc2cc(O)cc(O)c2)cc1,1
C1535,CC=Cc1ccc(OC(C)C(O)c2ccc(O)cc2)cc1,1
C1536,OC1COC(O)C(O)C1O,1
C1537,O=C(C=Cc1ccc(O)c(O)c1)OC(Cc1ccc(O)c(O)c1)C(=O)O,1
C1538,C=C(C)C1Cc2c(ccc3c2OC2COc4cc(OC)c(OC)cc4C2C3=O)O1,1
C1539,NCc1ccccc1O,1
C1540,C=CCSSCC(N)C(=O)O,1
C1541,c1cc2c(cc1C1OCC3C(c4ccc5c(c4)OCO5)OCC13)OCO2,1
C1542,COc1cc(C2C3C=C(C4Oc5cc(O)cc(O)c5C(=O)C4O)C4C2COC4(O)C3=O)ccc1O,1
C1543,COc1cc(C2Oc3cc(C4Oc5cc(O)cc(O)c5C(=O)C4O)ccc3OC2CO)ccc1O,1
C1544,OCC(O)C(O)C(O)C(O)CO,1
C1545,O=C(C=Cc1ccc(O)cc1)OC1C2C=COC(OC3OC(CO)C(O)C(O)C3O)C2C2(CO)OC12,1
C1546,NCCCCNCCCN,1
C1547,CN(C)c1ccc(C=C2C(=O)Nc3ccccc32)cc1,1
C1548,O=C(O)CCC(=O)O,1
C1549,Cc1cc(NS(=O)(=O)c2ccc(N)cc2)no1,1
C1550,COc1ccc(-c2oc3cc(O)cc(O)c3c(=O)c2O)cc1O,1
C1551,NCCS(=O)(=O)O,1
C1552,O=C1c2c(O)cc(O)cc2OC(c2ccc(O)c(O)c2)C1O,1
C1553,CSc1ccc2c(c1)N(CCC1CCCCN1C)c1ccccc1S2,1
C1554,CC(O)C(N)C(=O)O,1
C1555,CC(C)=CCCC(C)=CCCC(C)=CCCC1(C)CCc2cc(O)ccc2O1,1
C1556,CC1CCC2(NC1)OC1CC3C4CCC5CC(O)CCC5(C)C4CCC3(C)C1C2C,1
C1557,c1ccc(CN(CCN(Cc2ccccn2)Cc2ccccn2)Cc2ccccn2)nc1,1
C1558,Oc1cc(O)c(C=Cc2ccccc2)cc1O,1
C1559,COC1=CC(C=Cc2ccccc2)=CC(OC)C1(O)F,1
C1560,OCC1OC(OC2OC(CO)C(O)C(O)C2O)C(O)C(O)C1O,1
C1561,COc1cc2c(cc1OC)-c1cc(=Nc3c(C)cc(C)cc3C)n(C)c(=O)n1CC2,1
C1562,CC(C=CC(=O)NO)=CC(C)C(=O)c1ccc(N(C)C)cc1,1
C1563,CN1C(=O)OC(C)(C)C1=O,1
C1564,CC(C)C12OC1C1OC13C1(C)CCC4=C(COC4=O)C1CC1OC13C2O,1
C1565,Cc1c(C)c2c(c(C)c1O)CCC(C)(C(=O)O)O2,1
C1566,NC(Cc1c[nH]c2ccccc12)C(=O)O,1
C1567,NC(Cc1ccc(O)cc1)C(=O)O,1
C1568,CC(NC(=O)C(N)Cc1ccc(O)cc1)C(=O)O,1
C1569,COc1cc2ncnc(Nc3cccc(Cl)c3)c2cc1OC,1
C1570,O=c1oc2cc(O)ccc2c2ccc(O)cc12,1
C1571,O=c1oc2cc(O)ccc2c2ccccc12,1
C1572,O=c1oc2cc(O)ccc2c2cc(O)c(O)cc12,1
C1573,O=c1oc2c(O)c(O)ccc2c2cc(O)c(O)cc12,1
C1574,O=C(C=Cc1ccc(O)c(O)c1)OC1C2C=COC(OC3OC(CO)C(O)C(O)C3O)C2C2(CO)OC12,1
C1575,CCC1(O)CC2CN(CCc3c([nH]c4ccccc34)C(C(=O)OC)(c3cc4c(cc3OC)N(C=O)C3C(O)(C(=O)OC)C(OC(C)=O)C5(CC)C=CCN6CCC43C65)C2)C1,1
C1576,CCOC(=O)C1=CC2(CC)CCCN3CCc4c(n1c1ccccc41)C32,1
C1577,C=C1CCC(O)CC1=CC=C1CCCC2(C)C1CCC2C(C)CCCC(C)C,1
C1578,Cc1c(C)c2c(c(C)c1O)CCC(C)(CCCC(C)CCCC(C)CCCC(C)C)O2,1
C1579,O=c1cc(-c2ccc(O)cc2)oc2c(C3OC(CO)C(O)C(O)C3O)c(O)cc(O)c12,1
C1580,CC1=C(C)C(=O)OC(C(C)(O)C2CCC3C4C5OC5C5(O)CC=CC(=O)C5(C)C4CCC32C)C1,1
C1581,O=c1[nH]c(=O)c2[nH]cnc2[nH]1,1
C1582,COc1cc(CC2C(=O)OCC2Cc2cc(OC)c3c(c2)C(CO)C(c2ccc(O)c(OC)c2)O3)ccc1O,1
C1583,O=C(O)CCC(O)C(=O)O,1
C1584,CCC1Cc2cc(O)ccc2C2=C1c1ccc(O)cc1CC2CC,1
C1585,CCC=CCC=CCC=CCCCCCCCC(=O)O,1
C1586,COc1ccccc1-n1cc(COC(=O)C2CCn3c(C(=O)c4ccccc4)ccc32)nn1,1
C1587,c1ccn2ncnc2c1,1
C1588,O=c1oc(Cl)c(Cl)c2ccccc12,1
C1589,Cn1c(=O)[nH]c(=O)c2[nH]cnc21,1
C1590,CCCCCCCC(=O)c1ccc(O)c(C(=O)O)c1,1
C1591,COc1ccc(-c2cc(=O)c3c(O)cc(OC4OC(COC5OC(C)C(O)C(O)C5O)C(O)C(O)C4O)cc3o2)cc1,1
C1592,CC(C=CC=C(C)C=CC1=C(C)C(=O)C(O)CC1(C)C)=CC=CC=C(C)C=CC=C(C)C=CC1=C(C)C(=O)C(O)CC1(C)C,1
C1593,CC(C)(O)C1CCC(C)(C2C(O)CC3(C)C4CC(OC5OC(CO)C(O)C(O)C5O)C5C(C)(C)C(OC6OCC(O)C(O)C6O)CCC56CC46CCC23C)O1,1
C1594,CCC(C)C(N)C1=NC(C(=O)NC(CC(C)C)C(=O)NC(CCC(=O)O)C(=O)NC(C(=O)NC2CCCCNC(=O)C(CC(N)=O)NC(=O)C(CC(=O)O)NC(=O)C(Cc3cnc[nH]3)NC(=O)C(Cc3ccccc3)NC(=O)C(C(C)CC)NC(=O)C(CCCN)NC2=O)C(C)CC)CS1,1
C1595,C[N+](C)(C)CC(=O)[O-],1
C1596,O=C(C=Cc1ccc(O)c(O)c1)OC(C(=O)O)C(OC(=O)C=Cc1ccc(O)c(O)c1)C(=O)O,1
C1597,C(=Cc1ccccc1)CN1CCN(C(c2ccccc2)c2ccccc2)CC1,1
C1598,COC1=C(OC)C(=O)C(CC=C(C)CCC=C(C)CCC=C(C)CCC=C(C)CCC=C(C)CCC=C(C)CCC=C(C)CCC=C(C)CCC=C(C)CCC=C(C)C)=C(C)C1=O,1
C1599,CC(=O)OC1C(O)C(OC2C(O)C(O)OC(CO)C2O)OC(C)C1OC1OC(C)C(OC2OC(CO)C(O)C(OC3OC(C(=O)O)C(OC4OC5COC(C)(C(=O)O)OC5C(O)C4O)C(O)C3O)C2O)C(O)C1O,1
C1600,Oc1cc(O)c2c(c1)OC(c1ccc(O)c(O)c1)C(O)C2c1c(O)cc(O)c2c1OC(c1ccc(O)c(O)c1)C(O)C2c1c(O)cc(O)c2c1OC1(c3ccc(O)c(O)c3)Oc3cc(O)c4c(c3C2C1O)OC(c1ccc(O)c(O)c1)C(O)C4,1
C1601,CC=CCC(C)C(O)C1C(=O)NC(CC)C(=O)N(C)CC(=O)N(C)C(CC(C)C)C(=O)NC(C(C)C)C(=O)N(C)C(CC(C)C)C(=O)NC(C)C(=O)NC(C)C(=O)N(C)C(CC(C)C)C(=O)N(C)C(CC(C)C)C(=O)N(C)C(C(C)C)C(=O)N1C,1
C1602,CC(CCC=CC(=O)Nc1ccc(C(=O)O)cc1)OC1OC(C)C(O)CC1O,1
C1603,CC(C)=CC1CC(C)C(COc2ccc3ccc(=O)oc3c2)C1(C)CCC(=O)O,1
C1604,O=C(O)C(O)C(O)C(O)C(O)CO,1
C1605,Cn1c(=O)c2c(nc(N3CCOCC3)n2C)n(C)c1=O,1
C1606,COc1cc(CC2C(=O)OCC2Cc2cc(OC)c(O)c(C(CO)C(O)c3ccc(O)c(OC)c3)c2)ccc1O,1
C1607,O=C(C=Cc1ccc(O)c(O)c1)OC1CC(O)(C(=O)O)CC(O)C1O,1
C1608,COC(=O)C1=C(C)NC(C)=C(C(=O)OCCN(C)Cc2ccccc2)C1c1cccc([N+](=O)[O-])c1,1
C1609,COC1CC(OC2C(C)OC(OC3C(C)OC(OC4CCC5(C)C(=CCC6(O)C5CC(OC(=O)C=C(C)C(C)C)C5(C)C(O)(C(C)=O)CCC65O)C4)CC3OC)CC2OC)OC(C)C1O,1
C1610,CC(C)=CCCC(COC1OC(COC2OC(CO)C(O)C2O)C(O)C(O)C1O)C1CCC2(C)C1C(O)CC1C3(C)CCC(OC4OC(CO)C(O)C(O)C4O)C(C)(C)C3CCC12C,1
C1611,CC(C)=CCCC(C)(OC1OC(CO)C(O)C(O)C1O)C1CCC2(C)C1C(O)CC1C3(C)CCC(O)C(C)(C)C3C(OC3OC(CO)C(O)C(O)C3O)CC12C,1
C1612,O=c1c(O)c(-c2ccc(O)c(OC3OC(CO)C(O)C(O)C3O)c2)oc2cc(O)cc(O)c12,1
C1613,O=C(O)c1ccccc1O,1
C1614,CC1CCC2(OC1)OC1CC3C4CCC5CC(OC6OC(CO)C(OC7OC(C)C(O)C(O)C7O)C(O)C6OC6OC(CO)C(O)C(O)C6O)CCC5(C)C4CCC3(C)C1C2C,1
C1615,CCC(C)C(NC(=O)C(NC(=O)C(Cc1ccccc1)NC(=O)C(N)CC(=O)O)C(C)C)C(=O)NC(CC(=O)O)C(=O)NC(CC(N)=O)C(=O)NC(CCC(N)=O)C(=O)NCC(=O)NC(CC(N)=O)C(=O)N1CCCC1C(=O)NC(CC(C)C)C(=O)NC(CC(=O)O)C(=O)NC(CC(N)=O)C(=O)NCC(=O)NCC(=O)O,1
C1616,O=C(OCC1OC(OC(=O)c2cc(O)c(O)c(OC(=O)c3cc(O)c(O)c(O)c3)c2)C(OC(=O)c2cc(O)c(O)c(OC(=O)c3cc(O)c(O)c(O)c3)c2)C(OC(=O)c2cc(O)c(O)c(OC(=O)c3cc(O)c(O)c(O)c3)c2)C1OC(=O)c1cc(O)c(O)c(OC(=O)c2cc(O)c(O)c(O)c2)c1)c1cc(O)c(O)c(OC(=O)c2cc(O)c(O)c(O)c2)c1,1
C1617,OCCc1ccc(O)cc1,1
C1618,c1ccc(C(NCCNC(c2ccccc2)c2ccccc2)c2ccccc2)cc1,1
C1619,c1ccc2sc(C3(N4CCCCC4)CCCCC3)cc2c1,1
C1620,Oc1ccccc1C=NCCN=Cc1ccccc1O,1
C1621,NC(N)=NC(=O)Cc1c(Cl)cccc1Cl,1
C1622,CCCCCC=CCC=CCCCCCCCC(=O)O,1
C1623,CCC1C(C)CC2C1C=CC1C3CC=CC(=O)NCCCC4NC(=O)C(=C(O)C=CC3CC12)C4=O,1
C1624,COC1C=COC2(C)Oc3c(C)c(O)c4c(O)c(c(C=NN5CCN(C)CC5)c(O)c4c3C2=O)NC(=O)C(C)=CC=CC(C)C(O)C(C)C(O)C(C)C(OC(C)=O)C1C,1
C1625,COC1C=COC2(C)Oc3c(C)c(O)c4c(O)c(cc(O)c4c3C2=O)NC(=O)C(C)=CC=CC(C)C(O)C(C)C(O)C(C)C(OC(C)=O)C1C,1
C1626,C=CCNC1=C2CC(C)CC(OC)C(O)C(C)C=C(C)C(OC(N)=O)C(OC)C=CC=C(C)C(=O)NC(=CC1=O)C2=O,1
C1627,C=CC1=C(C)C2=NC1=CC1=NC(=Cc3[nH]c4c(c3C)=C(O)C(C(=O)OC)C=4C3=NC(=C2)C(C)C3CCC(=O)OCC=C(C)CCCC(C)CCCC(C)CCCC(C)C)C(CC)=C1C,1
C1628,COC1=C2CC(C)CC(OC)C(O)C(C)C=C(C)C(OC(N)=O)C(OC)C=CC=C(C)C(=O)NC(=CC1=O)C2=O,1
C1629,COC1CC2CCC(C)C(O)(O2)C(=O)C(=O)N2CCCCC2C(=O)OC(C(C)CC2CCC(O)C(OC)C2)CC(=O)C(C)C=C(C)C(O)C(OC)C(=O)C(C)CC(C)C=CC=CC=C1C,1
